"name","era","region","key_figures","characteristics","parent_movement","influenced_by","wikidata_id","wikidata_description","wikipedia_snippet","summary"
"Anglo-Saxon glass","","","","","glass; archaeological find","","Q4763675","","Anglo-Saxon glass has been found across England during archaeological excavations of both settlement and cemetery sites. Glass in the Anglo-Saxon period was used in the manufacture of a range of objects including vessels, beads, windows and was even used in jewellery. In the 5th century AD with the Roman departure from Britain, there were also considerable changes in the usage of glass.","The Anglo-Saxon period, spanning from the 5th to the 11th century, was a transformative era in the history of British art and culture. During this time, the utilization of glass as a material for artistic expression underwent significant changes, reflecting the shifting societal values and technological advancements. With the Roman departure from Britain in the 5th century AD, the production and application of glass underwent a substantial metamorphosis, adapting to the new cultural and economic landscape. The study of Anglo-Saxon glass offers a fascinating glimpse into the lives of the people who created and used these objects, providing a unique window into the artistic, social, and economic dynamics of the era.

The core techniques employed in the manufacture of Anglo-Saxon glass were largely influenced by the Roman tradition, with the addition of innovative methods and materials. The resulting aesthetics were characterized by a distinct blend of functional simplicity and decorative sophistication. Glass vessels, beads, windows, and jewelry all showcased a remarkable range of colors, shapes, and forms, often featuring intricate patterns and ornaments. Although specific key figures responsible for the creation of these glass objects are not well-documented, the craftsmanship and attention to detail evident in the surviving artifacts attest to the skill and artistry of the Anglo-Saxon glassmakers. The widespread distribution of glass finds across England, in both settlement and cemetery sites, suggests a vibrant and dynamic glass industry, catering to the needs of various social classes and cultural groups.

The legacy of Anglo-Saxon glass extends far beyond its historical context, exerting a lasting impact on the development of British art and culture. The innovative techniques and aesthetic sensibilities that emerged during this period laid the groundwork for subsequent glassmaking traditions, influencing the evolution of medieval and Renaissance glass production. Moreover, the study of Anglo-Saxon glass has significant implications for our understanding of the social, economic, and cultural dynamics of the era, offering valuable insights into the lives of the people who created and used these objects. As a testament to the enduring power of artistic expression, Anglo-Saxon glass continues to inspire and fascinate audiences today, its beauty and historical significance serving as a poignant reminder of the importance of preserving our cultural heritage."
"Aniconism in Buddhism","","","","","aniconism","","Q4764519","purported concept of early Buddhists not to depict the Buddha's person","Since the beginning of the serious study of the history of Buddhist art in the 1890s, the earliest phase, lasting until the 1st century CE, has been described as aniconic; the Buddha was only represented through symbols such as an empty throne, Bodhi tree, a riderless horse with a parasol floating above an empty space (at Sanchi), Buddha's footprints, and the dharma wheel.","The art movement of Aniconism in Buddhism has been a subject of fascination among scholars, with its roots tracing back to the earliest phases of Buddhist art history. Emerging during a period of great spiritual and philosophical transformation, Aniconism reflects the purported concept of early Buddhists to refrain from depicting the Buddha's person, instead opting for symbolic representations that conveyed the essence of his teachings. This ethos, which emphasized the transcendent and metaphysical aspects of the Buddha's nature, has been a cornerstone of Buddhist art and philosophy, shaping the aesthetic and spiritual landscape of the tradition. The historical origin of Aniconism can be contextualized within the broader cultural and religious landscape of ancient India, where the earliest Buddhist communities sought to distinguish themselves from other Hindu and Jain traditions.

At its core, Aniconism employed a range of techniques and aesthetics that sought to evoke the presence and teachings of the Buddha without resorting to literal representations. Symbols such as the empty throne, Bodhi tree, and Buddha's footprints became ubiquitous motifs in early Buddhist art, serving as poignant reminders of the Buddha's enlightenment and legacy. While key figures associated with Aniconism are not well-documented, the movement's influence can be seen in the works of various anonymous artists and artisans who contributed to the development of Buddhist art and iconography. The use of riderless horses with parasols, as seen at Sanchi, and the dharma wheel, a symbol of the Buddha's teachings, further underscored the aniconic approach, which privileged the spiritual and philosophical dimensions of the Buddha's message over physical depictions. Through these innovative and evocative techniques, Aniconism created a unique visual language that continues to inspire and influence Buddhist art and spirituality to this day.

The lasting impact of Aniconism on Buddhist art and culture cannot be overstated. As the tradition evolved and spread throughout Asia, Aniconism's emphasis on symbolic representation and spiritual abstraction continued to shape the aesthetic and philosophical contours of Buddhist art. The genealogical legacy of Aniconism can be seen in the subsequent development of Buddhist iconography, where images of the Buddha and other deities became increasingly prevalent. Nevertheless, the aniconic approach remains an essential aspect of Buddhist artistic and spiritual expression, reminding practitioners and artists alike of the transcendent and ineffable nature of the Buddha's teachings. As a testament to the enduring power and relevance of Aniconism, its influence continues to resonate throughout Buddhist communities, inspiring new generations of artists, scholars, and spiritual seekers to explore the profound and complex meanings embodied in this enigmatic and captivating art movement."
"Aniconism in Christianity","","","The Holy Spirit; The Trinity; Manus Dei","","aniconism","","Q4764521","prohibition of the veneration of images in Christianity","Aniconism is the absence of material representations of the natural world and the supernatural in various cultures. Most denominations of Christianity have not generally practiced aniconism, or the avoidance or prohibition of these types of images, even dating back to early Christian art and architecture. Those in the faith have generally had an active tradition of making artwork and Christian media; depicting God, Jesus, The Holy Spirit, religious figures including saints and prophets, and other aspects of theology like The Trinity and Manus Dei.","The art movement of Aniconism in Christianity presents a fascinating paradox, as it is characterized by the deliberate absence of material representations of the divine and supernatural. Emerging in the early Christian era, Aniconism was rooted in the biblical prohibition against graven images, as stated in the Second Commandment. This ethos of restraint was not universally adopted, however, and the majority of Christian denominations have historically engaged in a vibrant tradition of artistic expression, replete with depictions of God, Jesus, and the Holy Spirit, as well as saintly figures and theological concepts such as the Trinity and Manus Dei. Despite this, Aniconism remains an intriguing aspect of Christian art history, warranting closer examination and analysis.

At its core, Aniconism in Christianity is defined by a prohibition on the veneration of images, which is to say, the reverence or worship of physical representations of the divine. This core technique is closely tied to the aesthetics of simplicity and restraint, wherein the focus is shifted away from material depictions and toward the spiritual and the ineffable. Key figures such as the Holy Spirit, the Trinity, and Manus Dei are often invoked in Aniconist discourse, serving as reminders of the transcendent and the unknowable. By eschewing visual representations of these entities, Aniconist artists and theologians aimed to preserve the mystery and majesty of the divine, unmediated by human creativity or interpretation. This approach is characterized by a profound sense of reverence and awe, as well as a deep-seated conviction that the divine cannot be captured or contained by human artistry.

The lasting impact of Aniconism in Christianity is multifaceted and far-reaching, with significant implications for the development of Christian art, theology, and spirituality. While Aniconism was never a dominant force in Christian art history, its influence can be discerned in various strands of Christian thought and practice, from the iconoclastic controversies of the Byzantine era to the austere aesthetics of certain Protestant traditions. Furthermore, the genealogical legacy of Aniconism can be seen in the work of artists and theologians who have sought to negotiate the complex relationship between the visual and the divine, often walking a fine line between representation and reverence. As such, Aniconism in Christianity remains a vital and thought-provoking aspect of art historical and theological discourse, offering insights into the enduring tensions and paradoxes of the human experience."
"Aniconism in Islam","","","In Islamic; The Quran; Sahih Bukhari","","aniconism","","Q669432","avoidance of images of sentient beings in some forms of Islamic art","In Islamic art, the avoidance of images of sentient beings, or aniconism, stems in part from the prohibition of idolatry in Islam and in part from the belief that the creation of living forms is God's prerogative. The Quran itself does not prohibit visual representation of any living being. The hadith collection of Sahih Bukhari explicitly prohibits the making of images of living beings, challenging painters who ""breathe life"" into their images and threatening them with punishment on the Day of Judgment.","The art movement of Aniconism in Islam embodies a profound ethos of reverence and humility, stemming from the prophetic traditions and scriptural injunctions that underpin the Islamic faith. Historically, this movement originated in the early days of Islam, where the prohibition of idolatry and the veneration of images were strictly enforced. The Quran, while not explicitly prohibiting visual representations of living beings, emphasizes the sovereignty of God as the sole creator of life, thereby establishing a theological foundation for aniconism. This concept is further reinforced by the hadith collection of Sahih Bukhari, which explicitly proscribes the creation of images of sentient beings, warning artists who ""breathe life"" into their works of the consequences they will face on the Day of Judgment.

At its core, Aniconism in Islamic art involves the deliberate avoidance of images of sentient beings, instead opting for geometric patterns, calligraphy, and arabesques to convey meaning and beauty. This aesthetic approach not only reflects the theological imperatives outlined in Islamic scriptures but also fosters a unique visual language that transcends representational art. Key figures in Islamic art, such as the anonymous craftsmen and artisans who created intricate mosaics, miniatures, and manuscripts, have all contributed to the development of aniconic forms. The Quran itself, as the primary source of Islamic theology and ethics, plays a pivotal role in shaping the artistic vision of aniconism, while the hadith collection of Sahih Bukhari serves as a crucial secondary text that clarifies and amplifies the prophet's teachings on the subject. Through their works, these artists and scholars have helped to establish aniconism as a distinctive and enduring feature of Islamic art.

The lasting impact of Aniconism in Islamic art is evident in its genealogical legacy, which continues to inspire artists, designers, and architects to this day. The aniconic tradition has influenced not only the development of Islamic art but also the broader cultural and artistic landscape of the regions where Islam has been a dominant faith. From the ornate mosques and madrasas of the Middle East to the intricate textiles and ceramics of North Africa and Central Asia, aniconic forms and motifs have become an integral part of the visual vocabulary of Islamic cultures. As a testament to the enduring power of this art movement, aniconism remains a vital and dynamic force in contemporary Islamic art, continuing to evolve and adapt to new contexts and mediums while remaining true to its theological and aesthetic roots. Through its rich and varied legacy, aniconism in Islamic art offers a profound and lasting testament to the creative potential of faith and the boundless possibilities of the human imagination."
"Antebellum architecture","","","Antebellum South; Southern United States; Deep South; American Revolution; American Civil War; Greek Revival","Georgian, Neo-classical","Neoclassical architecture","","Q571648","neoclassical architectural style characteristic of the 19th-century Southern United States","Antebellum architecture (from Antebellum South, Latin for ""pre-war"") is the neoclassical architectural style characteristic of the 19th-century Southern United States, especially the Deep South, from after the birth of the United States with the American Revolution, to the start of the American Civil War. Antebellum architecture is especially characterized by Georgian, Neo-classical, and Greek Revival style homes and mansions. These plantation houses were built in the southern American states during roughly the 30 years before the American Civil War; approximately between the 1830s to 1860s.","The Antebellum architecture movement, spanning from the 1830s to the 1860s, is a distinctive neoclassical architectural style that defined the 19th-century Southern United States. Emerging in the aftermath of the American Revolution and culminating on the eve of the American Civil War, this era saw the construction of grand plantation houses and mansions that embodied the cultural and economic aspirations of the Antebellum South. As a region, the Deep South, which comprised states such as Georgia, Alabama, and Louisiana, became the epicenter of this architectural phenomenon. The term ""Antebellum"" itself, derived from the Latin phrase ""ante bellum,"" meaning ""pre-war,"" serves as a poignant reminder of the historical context in which this movement flourished. By examining the Antebellum architecture movement, we can gain insight into the values, traditions, and social hierarchies that shaped the Southern United States during this pivotal period.

The core techniques and aesthetics of Antebellum architecture were characterized by a blend of Georgian, Neo-classical, and Greek Revival styles. These influences can be seen in the grand façades, columns, and pediments that adorn the exterior of plantation houses, while the interior spaces often featured intricate moldings, ornate furnishings, and sweeping staircases. Key figures, such as architects and plantation owners, played a crucial role in shaping the Antebellum architectural landscape. The Greek Revival style, in particular, gained widespread popularity during this era, with its emphasis on symmetry, proportion, and classical motifs. Notable examples of Antebellum architecture can be found in historic mansions such as Oak Alley Plantation in Louisiana and Belle Grove Plantation in Virginia. These structures not only showcase the technical skill and artistic vision of their creators but also provide a window into the social and economic realities of the Antebellum South.

The Antebellum architecture movement has left a lasting impact on the cultural and historical heritage of the United States. The grand plantation houses and mansions built during this era continue to inspire architects, historians, and preservationists alike, serving as a testament to the enduring legacy of this architectural style. Furthermore, the Antebellum movement has had a profound influence on the development of subsequent architectural styles, including the Colonial Revival and the Southern Colonial styles. As we reflect on the genealogical legacy of Antebellum architecture, we are reminded of the complex and often fraught history of the Southern United States, a region that continues to grapple with the remnants of its troubled past. Through the study of Antebellum architecture, we can gain a deeper understanding of the social, cultural, and historical forces that have shaped the American South, and appreciate the enduring beauty and significance of this remarkable architectural style."
"Anti-art","","","Marcel Duchamp","","","","Q610106","art practice paradox of dialectical antitheses challenging conventional ideas about art","Anti-art is a loosely used term applied to an array of concepts and attitudes that reject prior definitions of art and question art in general. Somewhat paradoxically, anti-art tends to conduct this questioning and rejection from the vantage point of art. The term is associated with the Dada movement and is generally accepted as attributable to Marcel Duchamp pre-World War I around 1914, when he began to use found objects as art.","The emergence of anti-art in the early 20th century marked a paradigmatic shift in the way artists perceived and challenged the very notion of art itself. This movement, spearheaded by visionaries such as Marcel Duchamp, sought to subvert conventional ideas about art and its role in society. The term ""anti-art"" is often associated with the Dada movement, which gained momentum around 1914, pre-World War I. This era saw a convergence of radical ideologies that questioned the established norms of art, prompting a reevaluation of the concept of art and its relationship with the viewer. As a precursor to various avant-garde movements, anti-art laid the groundwork for a more expansive and inclusive understanding of art, blurring the lines between traditional notions of aesthetics and the mundane.

At its core, anti-art employs a range of techniques and aesthetics that deliberately challenge the status quo. By utilizing found objects as art, Marcel Duchamp pioneered a methodology that would become a hallmark of the movement. His seminal work, ""Fountain"" (1917), a urinal signed ""R. Mutt,"" exemplifies the anti-art ethos, as it probes the boundaries between art and everyday life. Duchamp's use of readymades – objects that are not created by the artist but are instead selected and presented as art – forced a reappraisal of the artistic process and the role of the artist. Other key figures, such as Hugo Ball and Tristan Tzara, also contributed to the development of anti-art, often incorporating elements of chance, irony, and absurdity into their work. The resultant aesthetics are characterized by a sense of playfulness, irreverence, and a willingness to disrupt traditional notions of beauty and taste.

The influence of anti-art can be seen in various subsequent art movements, including Surrealism, Pop Art, and Conceptual Art. The legacy of Marcel Duchamp, in particular, continues to inspire artists, theorists, and curators, as his innovative approach to art and reality has had a lasting impact on the way we think about and engage with art. The anti-art movement's emphasis on challenging conventional norms and pushing the boundaries of what constitutes art has created a genealogical legacy that persists to this day. As a testament to its enduring relevance, anti-art remains a vital and thought-provoking force in the art world, continually prompting us to reexamine our assumptions about the nature of art and its place within our culture. By questioning the very foundations of art, anti-art has, paradoxically, expanded our understanding of what art can be, inviting us to embrace the ambiguous and the unknown."
"Antipodeans","","Australia","The Antipodeans; Bernard Smith","their advocacy of figurative art and opposition to abstract expressionism","","","Q4775114","Australian art group","The Antipodeans were a collective of Australian modern artists, known for their advocacy of figurative art and opposition to abstract expressionism. The group, which included seven painters from Melbourne and art historian Bernard Smith, was active in the late 1950s. Despite staging only a single exhibition in Melbourne in August 1959, the Antipodeans gained international recognition.","The Antipodeans, an Australian art group active in the late 1950s, occupy a distinctive niche in the annals of modern art history. Emerging during a period of fervent artistic innovation, this collective of seven Melbourne-based painters and esteemed art historian Bernard Smith sought to challenges the prevailing trends of abstract expressionism. By advocating for a return to figurative art, the Antipodeans established themselves as a contrarian force within the Australian art scene, one that would come to exert a profound influence on the country's cultural landscape. The group's nomenclature, derived from the Greek term ""antipodes,"" meaning ""opposite feet,"" aptly encapsulates their stance as artistic counterpoints to the dominant abstractionist movement.

At the core of the Antipodeans' artistic philosophy lay a commitment to representational art, characterized by a emphasis on technique, form, and narrative content. The group's aesthetic was marked by a reverence for traditional European art, as well as an appreciation for the unique cultural and environmental contexts of Australia. Bernard Smith, a key figure in the group, played a instrumental role in articulating the Antipodeans' intellectual and artistic framework. His influential writings on art history and theory provided a theoretical foundation for the group's endeavors, while the paintings of members such as Charles Billich, Robert Dickerson, and Arthur Boyd exemplified the Antipodeans' technical mastery and creative vision. Through their work, the Antipodeans offered a compelling alternative to the prevailing abstractionist tendencies, one that would resonate with audiences and inspire a new generation of Australian artists.

The Antipodeans' legacy extends far beyond their brief, yet intense, period of activity in the late 1950s. Despite staging only a single exhibition in Melbourne in August 1959, the group's impact on Australian art has been profound and lasting. By challenging the dominance of abstract expressionism and promoting a renewed engagement with figurative art, the Antipodeans helped to pave the way for a diversity of artistic styles and movements in Australia. Today, the Antipodeans are recognized as a pivotal moment in the country's cultural evolution, one that has contributed significantly to the richness and complexity of Australian art. As a testament to their enduring influence, the Antipodeans' artistic ethos continues to inspire and inform contemporary artistic practice, ensuring their place within the genealogy of Australian modernism."
"Antiqua–Fraktur dispute","","","The Antiqua; German Fraktur","","","","Q314127","typographical dispute in 19th- and early 20th-century Germany","The Antiqua–Fraktur dispute was a typographical dispute in 19th- and early 20th-century Germany. In most European countries, blackletter typefaces like the German Fraktur were displaced with the creation of the Antiqua typefaces in the 15th and 16th centuries. However, in Germany and Austria, the two styles of printing coexisted until the first half of the 20th century.","The Antiqua-Fraktur dispute, a pivotal typographical debate in 19th- and early 20th-century Germany, marks a fascinating chapter in the evolution of printing and typography. This dichotomy between two distinct typefaces, Antiqua and German Fraktur, has its roots in the 15th and 16th centuries, when most European countries adopted the Antiqua style, while Germany and Austria persisted with the traditional blackletter typefaces. This historical context is essential in understanding the ethos of the dispute, which was not merely a matter of aesthetic preference, but also a reflection of cultural and national identity. The persistence of Fraktur in Germany, despite the widespread adoption of Antiqua in other European countries, speaks to the complex and nuanced nature of this dispute.

At the heart of the Antiqua-Fraktur dispute lay a fundamental difference in core techniques and aesthetics. The Antiqua typefaces, characterized by their classical and humanist influences, were seen as more modern and sleek, while the German Fraktur, with its intricate and ornate letterforms, was perceived as more traditional and rooted in German heritage. Key figures, such as the proponents of the Antiqua style, argued that it was more legible and better suited to the demands of modern printing, while advocates of Fraktur saw it as an essential part of German cultural identity. The dispute was not merely a technical argument, but also a debate about the role of typography in shaping national identity and cultural expression. The two styles coexisted, often in tension, until the mid-20th century, when the Antiqua style eventually gained dominance.

The Antiqua-Fraktur dispute has had a lasting impact on the development of typography and printing in Germany and beyond. The eventual adoption of the Antiqua style marked a significant shift towards modernity and internationalization, while the preservation of Fraktur as a cultural artifact has ensured its continued relevance in contemporary design and typography. The genealogical legacy of this dispute can be seen in the ongoing debates about the role of typography in shaping cultural identity and national heritage. As a testament to the enduring importance of this dispute, the Antiqua-Fraktur controversy remains a fascinating topic of study for scholars of typography, cultural history, and German studies, offering a unique window into the complex and often fraught relationship between culture, identity, and design. The dispute's impact extends beyond the realm of typography, speaking to broader questions about the negotiation of tradition and modernity in the face of cultural and technological change."
"Antwerp Mannerism","1500","Southern Netherlands; Antwerp","Antwerp Mannerism; Early Netherlandish; Flemish Renaissance; Italian Mannerism; Italian Mannerists; High Renaissance","","","","Q477134","style of painting and drawing practiced by artists working in Antwerp during the period from circa 1500 to 1530","Antwerp Mannerism refers to the style of a group of largely anonymous painters active in the southern Netherlands, principally in Antwerp, in roughly the first three decades of the 16th century. The movement marks the tail end of Early Netherlandish painting and an early phase within Dutch and Flemish Renaissance painting. The style bore no relation to Italian Mannerism, which it mostly predates by a few years, but the name suggests that it was a reaction to the ""classic"" style of the earlier Flemish painters, just as the Italian Mannerists were reacting to, or trying to go beyond, the classicism of High Renaissance art.","The dawn of the 16th century marked the emergence of a distinct artistic phenomenon in the southern Netherlands, particularly in the city of Antwerp. This period, circa 1500 to 1530, gave rise to a style of painting and drawing that would come to be known as Antwerp Mannerism. As a unique and fascinating art movement, Antwerp Mannerism represents the tail end of Early Netherlandish painting and an early phase within Dutch and Flemish Renaissance painting. The historical context of this era is noteworthy, as it precedes the Italian Mannerism movement, which would later flourish in the same century. The name ""Antwerp Mannerism"" may suggest a connection to its Italian counterpart, but in reality, the two styles developed independently, with the former being a reaction to the classic style of earlier Flemish painters.

The core techniques and aesthetics of Antwerp Mannerism are characterized by a distinct departure from the traditional Flemish style. Artists working in Antwerp during this period employed a range of innovative methods, including unusual proportions, distorted forms, and vibrant color palettes. The movement's key figures, although largely anonymous, left an indelible mark on the art world. Their works, often marked by a sense of tension and emotional intensity, demonstrate a profound understanding of human anatomy and a penchant for experimentation. While the Italian Mannerists, such as Jacopo da Pontormo and Rosso Fiorentino, would later push the boundaries of High Renaissance art, the Antwerp Mannerists were simultaneously exploring new modes of expression in their own region. The style's unique blend of realism and distortion, as seen in the works of artists such as Quentin Massys and Jan de Beer, has captivated art historians and enthusiasts alike.

The lasting impact of Antwerp Mannerism on the art world is a significant one. As a precursor to the Dutch and Flemish Renaissance, this movement played a crucial role in shaping the trajectory of Northern European art. The innovations and experiments of the Antwerp Mannerists paved the way for future generations of artists, including the likes of Pieter Bruegel the Elder and Hieronymus Bosch. Moreover, the movement's genealogical legacy can be seen in the works of later artists, who drew upon the Antwerp Mannerists' bold and innovative approach to art. Today, the style remains an essential part of art historical discourse, offering a fascinating glimpse into the creative ferment of 16th-century Antwerp. As a testament to the city's rich cultural heritage, Antwerp Mannerism continues to inspire and intrigue, its influence extending far beyond the borders of the southern Netherlands."
"Antwerp school","1600","Belgium; Antwerp","The Antwerp School; Low Countries; Flemish Baroque; Peter Paul Rubens","","","Beeldenstorm; Italian Renaissance painting","Q2107376","artists active in Antwerp in the 16th and 17th Century","The Antwerp School was a school of artists active in Antwerp, first during the 16th century when the city was the economic center of the Low Countries, and then during the 17th century when it became the artistic stronghold of the Flemish Baroque under Peter Paul Rubens.","In the dawn of the 17th century, a profound artistic revolution was unfolding in the historic city of Antwerp, situated in the heart of Belgium. This era marked the emergence of the Antwerp School, a collective of visionary artists who would forever redefine the contours of art history. As the economic and cultural epicenter of the Low Countries, Antwerp attracted a diverse array of talents, forging a unique symbiosis of artistic innovation and intellectual curiosity. The Antwerp School's historical origin is deeply intertwined with the city's strategic position, which facilitated the exchange of ideas, styles, and techniques with other prominent artistic centers of Europe. This confluence of influences would eventually give rise to the distinctive Flemish Baroque style, characterized by its dramatic intensity, sumptuous colors, and masterful use of light and shadow.

At the epicenter of the Antwerp School's creative universe was the incomparable Peter Paul Rubens, a towering figure who embodied the artistic ethos of his time. Rubens' groundbreaking works, with their dynamic compositions, sensual curves, and profound emotional depth, would come to epitomize the Flemish Baroque aesthetic. Alongside Rubens, other notable artists, such as Anthony Van Dyck and Frans Snyders, contributed to the school's rich legacy, experimenting with novel techniques, such as the use of chiaroscuro and tenebrism, to create captivating visual narratives. The Antwerp School's mastery of color, texture, and spatial relationships yielded a distinctive visual language, which not only reflected the cultural and intellectual currents of the time but also transcended them, forging a timeless and universal artistic idiom. Through their innovative approaches to representation, these artists explored themes of beauty, morality, and the human condition, leaving an indelible mark on the development of Western art.

The Antwerp School's enduring legacy extends far beyond the geographical boundaries of its native city or the temporal confines of its historical era. As a beacon of artistic innovation, the school's influence can be discerned in the works of successive generations of artists, from the Dutch Masters to the Romantic movement. The genealogical thread of the Antwerp School weaves together a narrative of artistic evolution, as its core techniques, aesthetics, and values were transmitted, transformed, and reinterpreted by later artists. Today, the Antwerp School's masterpieces continue to inspire awe and admiration, serving as a testament to the transformative power of art to capture the essence of the human experience. As a testament to the school's profound impact on the evolution of art, its legacy remains an integral part of our shared cultural heritage, inviting us to contemplate the timeless beauty, emotional resonance, and intellectual curiosity that define the Antwerp School's sublime artistic achievements."
"Arabesque","","","","","decorative knot; allover pattern; ornament","","Q186599","decorative pattern of stylized foliage, characteristic of Muslim art","The arabesque is a form of artistic decoration consisting of ""surface decorations based on rhythmic linear patterns of scrolling and interlacing foliage, tendrils"" or plain lines, often combined with other elements. Another definition is ""Foliate ornament, used in the Islamic world, typically using leaves, derived from stylised half-palmettes, which were combined with spiralling stems"".  It usually consists of a single design which can be 'tiled' or seamlessly repeated as many times as desired.","The Arabesque art movement, a quintessential manifestation of Islamic aesthetics, has been a cornerstone of decorative arts in the Muslim world for centuries. Emerging during the Islamic Golden Age, this distinctive style has its historical roots in the 8th century, when the Umayyad and Abbasid Caliphates patronized the development of intricate geometric patterns and foliage motifs. The term ""Arabesque"" itself is a derivative of the French word for ""Arabic,"" underscoring the movement's Middle Eastern and North African provenance. As a testament to the region's rich cultural heritage, Arabesque has evolved into a ubiquitous feature of Islamic art, transcending temporal and spatial boundaries to become an enduring emblem of Muslim artistic expression.

At its core, the Arabesque pattern consists of stylized foliage, scrolling tendrils, and interlacing lines, which are often combined with other decorative elements to create a visually striking and harmonious design. Key figures such as the 13th-century Persian poet and artist, Rashid-al-Din Hamadani, and the 16th-century Ottoman architect, Mimar Sinan, have contributed significantly to the development and refinement of Arabesque. The core techniques employed in Arabesque involve the use of geometric shapes, biomorphic forms, and calligraphic motifs, which are carefully arranged to produce a sense of rhythm and movement. Aesthetically, Arabesque is characterized by its sinuous lines, flowing curves, and intricate patterns, which evoke a sense of luxury, elegance, and refinement. The movement's emphasis on repetition and tessellation allows for the creation of seamless, tile-like designs that can be repeated indefinitely, making it an ideal motif for decorative arts, architecture, and textiles.

The lasting impact of Arabesque on Islamic art and architecture cannot be overstated. This movement has left an indelible mark on the genealogical legacy of Muslim artistic expression, influencing a wide range of mediums, from ceramics and metalwork to manuscript illumination and textile design. The Arabesque pattern has also been adopted and adapted by various cultures, including European and Asian artistic traditions, demonstrating its versatility and universal appeal. As a testament to its enduring significance, Arabesque continues to inspire contemporary artists, designers, and architects, who draw upon its rich visual vocabulary to create innovative and dynamic works of art. Through its intricate patterns, flowing lines, and biomorphic forms, Arabesque remains an essential component of Islamic art and culture, a powerful symbol of the region's rich cultural heritage and its unwavering commitment to beauty, elegance, and refinement."
"Arabic miniature","","","","","manuscript illumination","","Q48732691","small paintings on paper","Arabic miniatures (Arabic: ٱلْمُنَمْنَمَات ٱلْعَرَبِيَّة, Al-Munamnamāt al-ʿArabīyyah) are small paintings on paper, usually book or manuscript illustrations but also sometimes separate artworks that occupy entire pages. The earliest example dates from around 690 AD, with a flourishing of the art from between 1000 and 1200 AD in the Abbasid caliphate. The art form went through several stages of evolution while witnessing the fall and rise of several Islamic caliphates.","The Arabic miniature, a diminutive yet resplendent art form, has been a cornerstone of Islamic visual culture for centuries. Emerging in the early 8th century, with the earliest example dating back to around 690 AD, this genre of small paintings on paper has undergone a transformative journey, traversing the rise and fall of successive Islamic caliphates. The Abbasid caliphate, which ruled from the 8th to the 13th century, witnessed a particularly prolific period in the evolution of Arabic miniatures, with the art form flourishing between 1000 and 1200 AD. As a testament to the region's rich cultural heritage, Arabic miniatures have been crafted by skilled artisans across the Middle East and North Africa, with notable centers of production in present-day Iraq, Iran, and Egypt. The historical origin of Arabic miniatures is deeply rooted in the manuscript tradition of the Islamic world, where illustrations were used to adorn and interpret sacred texts, literary works, and scientific treatises.

The core techniques and aesthetics of Arabic miniatures are characterized by intricate lines, vibrant colors, and meticulous attention to detail. These small paintings on paper, often used as book or manuscript illustrations, showcase the ingenuity and craftsmanship of Arabic artists. Key figures, such as the renowned calligrapher and artist Ibn al-Bawwab, have played a significant role in shaping the artistic trajectory of Arabic miniatures. The use of gold leaf, lapis lazuli, and other precious materials has contributed to the opulence and visual splendor of these miniatures. Moreover, the incorporation of geometric patterns, arabesques, and stylized foliage has added to the distinctive aesthetic of Arabic miniatures. As a genre, Arabic miniatures have been marked by a synthesis of Byzantine, Persian, and Islamic artistic traditions, resulting in a unique visual language that continues to inspire artists and scholars alike.

The lasting impact of Arabic miniatures can be seen in the numerous artistic and literary traditions that have been influenced by this genre. The genealogical legacy of Arabic miniatures is evident in the subsequent development of Ottoman, Mughal, and Safavid art, among others. As a testament to the enduring power of Arabic miniatures, contemporary artists continue to draw upon the visual vocabulary and techniques of this ancient art form. Furthermore, the study of Arabic miniatures has led to a deeper understanding of Islamic cultural history, highlighting the significance of visual representation in the transmission of knowledge and ideas. As a result, Arabic miniatures remain an essential component of our shared cultural heritage, offering a window into the artistic, literary, and intellectual achievements of the Islamic world. Through their exquisite beauty and historical significance, Arabic miniatures continue to captivate audiences, inspiring a new generation of scholars, artists, and enthusiasts to explore the rich cultural landscape of the Middle East and beyond."
"Arabic typography","","","","","typography","","Q104854314","design of type in the Arabic alphabet","Arabic typography is the typography of letters, graphemes, characters or text in Arabic script, for example for writing Arabic, Persian, or Urdu. 16th century Arabic typography was a by-product of Latin typography with Syriac and Latin proportions and aesthetics. It lacked expertise in the three core aspects of Arabic writing: calligraphy, style and system.","The realm of Arabic typography is a fascinating and intricate art movement that has been shaped by the convergence of cultural, historical, and linguistic forces. Emerging as a distinct discipline in the 16th century, Arabic typography is characterized by the design of type in the Arabic alphabet, which is used to write languages such as Arabic, Persian, and Urdu. This unique fusion of linguistic and artistic expression has its roots in the early experiments with Latin typography, with Syriac and Latin proportions and aesthetics serving as the foundation for the development of Arabic typography. However, it was not until later that Arabic typography began to establish its own distinct identity, separate from its Latin and Syriac influences.

At its core, Arabic typography is deeply rooted in the three fundamental aspects of Arabic writing: calligraphy, style, and system. The early 16th-century Arabic typography, although lacking expertise in these core areas, laid the groundwork for the evolution of a distinct aesthetic. As the art form matured, key figures began to emerge, bringing with them a deeper understanding of the nuances and complexities of Arabic script. Although specific key figures are not readily identifiable, their contributions to the development of Arabic typography are undeniable. The techniques employed in Arabic typography involve a profound appreciation for the cursive nature of the Arabic alphabet, with letters and words flowing together in a intricate dance of lines and curves. The aesthetics of Arabic typography are characterized by a blend of elegance and complexity, with the careful balance of proportion, spacing, and ornamentation giving rise to a unique visual language.

The lasting impact of Arabic typography is a testament to the enduring power of this art movement. As a genealogical legacy, Arabic typography continues to influence the development of modern typography, with its distinctive aesthetic and technical characteristics shaping the visual landscape of the Arabic-speaking world. The evolution of Arabic typography has also facilitated the creation of new fonts, styles, and digital typography, ensuring the continued relevance and vitality of this ancient art form. Moreover, the study of Arabic typography offers a fascinating window into the cultural, historical, and linguistic context of the region, providing valuable insights into the complex interplay of forces that have shaped the development of this unique and captivating art movement. As such, Arabic typography remains an essential area of study and exploration, offering a rich and rewarding terrain for scholars, designers, and enthusiasts alike."
"Archangel Michael in Christian art","","","Archangel Michael; Notre Dame","","","","Q4785574","","Archangel Michael may be depicted in Christian art alone or with other angels such as Gabriel or saints. Some depictions with Gabriel date back to the 8th century, e.g. the stone casket at Notre Dame de Mortain church in France.","The depiction of Archangel Michael in Christian art is a testament to the enduring influence of spiritual iconography on the development of artistic expression. With a historical origin tracing back to the early days of Christianity, the representation of Archangel Michael has evolved over the centuries, reflecting the theological and cultural nuances of various eras. The ethos of Archangel Michael as a symbol of protection, strength, and divine intervention has been a ubiquitous theme in Christian art, with notable examples dating back to the 8th century. The stone casket at Notre Dame de Mortain church in France, featuring Archangel Michael alongside Gabriel, exemplifies the early manifestations of this art historical phenomenon.

At the core of Archangel Michael's depiction in Christian art lies a complex interplay of techniques, aesthetics, and key figures. The archangel is often portrayed as a majestic figure, clad in armor and wielding a sword, symbolizing his role as a protector of the faithful. The use of golden halos, vivid colors, and intricate details underscores the divine nature of the subject, while the incorporation of other angels, such as Gabriel, serves to reinforce the celestial hierarchy. Notre Dame, with its stunning stained-glass windows and sculptures, stands as a prominent example of the artistic expression of Archangel Michael's legend. The masterful craftsmanship and attention to detail evident in these works of art demonstrate the high regard with which Archangel Michael was held by medieval artists and their patrons. Through the depiction of Archangel Michael, artists sought to convey the essence of Christian theology, leveraging the visual language of art to inspire devotion and reverence.

The lasting impact of Archangel Michael's depiction in Christian art is a testament to the genealogical legacy of this iconographic tradition. As a symbol of spiritual protection and divine guidance, Archangel Michael continues to inspire artistic expression, from the grandeur of Gothic cathedrals to the intimacy of private devotional art. The influence of Archangel Michael's image can be seen in various artistic movements, from the Byzantine mosaics to the Renaissance paintings, demonstrating the enduring power of this iconographic motif. As a cultural and artistic touchstone, the depiction of Archangel Michael in Christian art remains an essential part of our shared cultural heritage, inviting us to reflect on the intersections of faith, art, and history. By examining the rich and varied representations of Archangel Michael, we gain insight into the evolving nature of artistic expression and the persistent role of spiritual iconography in shaping our visual culture."
"Architectural terracotta","","","","","terracotta","","Q4787071","ceramic construction material","Architectural terracotta refers to a fired mixture of clay and water that can be used in a non-structural, semi-structural, or structural capacity on the exterior or interior of a building. Terracotta is an ancient building material that translates from Latin as ""baked earth"".  Some architectural terracotta is stronger than stoneware.","The art movement of architectural terracotta is a testament to the ingenuity and craftsmanship of human civilization. With roots tracing back to ancient times, this fired mixture of clay and water has been a cornerstone of construction, defying the constraints of era and region to emerge as a timeless and versatile building material. The term ""terracotta"" itself is derived from the Latin phrase ""baked earth,"" underscoring the fundamental simplicity and elegance of this ceramic construction material. As an art movement, architectural terracotta embodies a unique blend of functionality, aesthetics, and historical significance, warranting a nuanced exploration of its development, key figures, and lasting impact.

At its core, architectural terracotta is characterized by a range of techniques and aesthetic expressions that have evolved over time. The process of creating terracotta involves a precise combination of clay, water, and heat, which can result in a material that is not only durable but also visually striking. Some notable examples of architectural terracotta exhibit a strength and resilience that surpasses that of stoneware, demonstrating the medium's impressive potential. While specific key figures associated with this art movement are not prominently documented, the collective efforts of artisans, architects, and craftspeople have contributed to the development of distinctive regional styles and motifs. From the ornate facades of ancient buildings to the modern applications of terracotta in contemporary architecture, the aesthetics of this medium have been shaped by a rich array of cultural and historical contexts.

The genealogical legacy of architectural terracotta is a profound and far-reaching one, with its influence visible in numerous architectural traditions and cultural heritage sites around the world. As a testament to the enduring appeal and versatility of this art movement, architectural terracotta continues to inspire new generations of artists, architects, and designers. The lasting impact of this fired mixture of clay and water can be seen in the many structures that have withstood the test of time, from ancient monuments to modern buildings, each bearing witness to the ingenuity and craftsmanship of human civilization. As a scholarly field of inquiry, the study of architectural terracotta offers a compelling narrative that weaves together threads of history, culture, and aesthetics, inviting us to appreciate the beauty, functionality, and significance of this timeless building material."
"Armenian medieval sculpture","","Medieval Armenia","","","Armenian sculpture; medieval sculpture","","Q122208066","form of medieval art in Armenia","Armenian medieval sculptures are sculptures created in the medieval period. They are most present on or in churches, martyries, and free-standing monuments, such as four-sided stelae and khachkars (cross stones). The popularity of sculpture in the Armenian medieval art was due to midis- a three-layer layout of stones, when two rows of hewn stones were joined with lime mortar, and the surface got an artistic treatment.","The realm of Armenian medieval sculpture embodies a distinctive and captivating form of medieval art, flourishing in the historic region of Medieval Armenia. This era, marked by a profound cultural and artistic resurgence, witnessed the emergence of a unique sculptural tradition that would come to define the aesthetic landscape of the region. As a testament to the ingenuity and craftsmanship of the Armenian people, these medieval sculptures have endured for centuries, offering a fascinating glimpse into the artistic, religious, and cultural practices of a bygone era. The historical origin of Armenian medieval sculpture is deeply rooted in the country's rich cultural heritage, with the earliest examples of these sculptures dating back to the 7th century. As the region's artistic traditions evolved, so too did the techniques and aesthetics that would come to characterize Armenian medieval sculpture.

At the heart of Armenian medieval sculpture lies a distinctive technical approach, known as the ""midis"" method, wherein a three-layer layout of stones is joined with lime mortar, allowing for intricate artistic treatments on the surface. This technique enabled the creation of exquisite works of art, often adorning churches, martyries, and free-standing monuments, such as the iconic khachkars, or cross stones. The aesthetic sensibility of Armenian medieval sculpture is marked by a captivating blend of geometric motifs, floral patterns, and figurative representations, which served to convey the spiritual and theological narratives of the time. While the names of individual sculptors have been largely lost to history, their collective contributions have left an indelible mark on the artistic heritage of the region. The works of these anonymous masters continue to inspire wonder and awe, their techniques and aesthetics influencing generations of artists and artisans.

The lasting impact of Armenian medieval sculpture can be seen in its enduring presence in the cultural and artistic landscape of the region. These sculptures have become an integral part of Armenia's cultural identity, symbolizing the nation's rich history, spiritual heritage, and artistic traditions. As a testament to the genealogical legacy of Armenian medieval sculpture, one can observe the continued evolution of this artistic tradition, as contemporary artists and sculptors draw upon the motifs, techniques, and aesthetics of their medieval predecessors. The study of Armenian medieval sculpture offers a unique window into the cultural, artistic, and historical contexts of Medieval Armenia, inviting scholars and enthusiasts alike to explore the intricate beauty and profound significance of this captivating art form. Through its masterful blend of technique, aesthetics, and spiritual narrative, Armenian medieval sculpture continues to inspire and educate, its influence extending far beyond the boundaries of the region, to enrich our understanding of the medieval art world and its enduring legacy."
"Armory Show","1913","United States; Copley Society of Art; 69th Regiment Armory; Art Institute of Chicago","Armory Show; International Exhibition; Modern Art; American Painters; National Guard; New York City; Regiment Armory; Lexington Avenue","","Fauvism; cubism; Futurism","","Q688909","1913 International Exhibition of Modern Art","The 1913 Armory Show, also known as the International Exhibition of Modern Art, was organized by the Association of American Painters and Sculptors. It was the first large exhibition of modern art in America, as well as one of the many exhibitions that have been held in the vast spaces of U.S. National Guard armories. The three-city exhibition started in New York City's 69th Regiment Armory, on Lexington Avenue between 25th and 26th Streets, from February 17 until March 15, 1913.","The 1913 Armory Show, formally known as the International Exhibition of Modern Art, marked a pivotal moment in the evolution of modern art in the United States. Organized by the Association of American Painters and Sculptors, this groundbreaking exhibition was the first of its kind to showcase an extensive array of modern art in America. Held at the 69th Regiment Armory in New York City, the show's significance extends beyond its inaugural status, as it brought together a diverse range of artistic styles and movements, thereby challenging the conventional norms of the time. As a cultural phenomenon, the Armory Show was a deliberate attempt to introduce American audiences to the avant-garde movements that had been gaining momentum in Europe, thus bridging the transatlantic divide between artistic innovation and traditionalism.

At its core, the Armory Show was a testament to the eclectic and innovative spirit of modern art, featuring over 1,000 works by more than 300 artists. The exhibition's aesthetic was characterized by a bold rejection of representational art, instead embracing a wide range of experimental styles, including Fauvism, Cubism, and Futurism. Key figures such as Marcel Duchamp, Henri Matisse, and Constantin Brancusi were prominently featured, alongside American painters like John Sloan and Marsden Hartley. The show's organizers, including Walt Kuhn and Arthur B. Davies, played a crucial role in shaping the exhibition's trajectory, ensuring that the event would be a watershed moment in the history of American art. The Copley Society of Art and the Art Institute of Chicago, among other institutions, also lent their support to the exhibition, further solidifying its reputation as a beacon of modernity.

The Armory Show's lasting impact on the development of modern art in the United States cannot be overstated. As a genealogical legacy, the exhibition paved the way for future generations of American artists, who would go on to forge their own unique styles and movements. The show's influence can be seen in the subsequent rise of abstract expressionism, pop art, and other avant-garde movements that defined the American art scene in the decades to come. Moreover, the Armory Show's emphasis on innovation and experimentation helped to establish New York City as a hub of artistic innovation, rivaling the cultural capitals of Europe. Today, the 1913 Armory Show is remembered as a landmark event that forever altered the trajectory of American art, its influence still palpable in the vibrant and diverse artistic landscape of the United States. As a testament to the power of artistic innovation, the Armory Show remains an enduring symbol of the transformative potential of modern art."
"Art","","","","","culture; arts; creative work","","Q735","general concept that creates expressive work for its beauty or emotional power (use Q838948 for the resulting work, use Q2018526 for the group of creative disciplines)","Art is a diverse range of cultural activity centered around works utilizing creative or imaginative talents, which are expected to evoke a worthwhile experience, generally through an expression of emotional power, conceptual ideas, technical proficiency, or beauty. There is no generally agreed definition of what constitutes art, and its interpretation has varied greatly throughout history and across cultures. In the Western tradition, the three classical branches of visual art are painting, sculpture, and architecture.","The realm of art is a vast and wondrous expanse, encompassing a diverse array of creative expressions that have captivated human imagination throughout history. As a general concept, art refers to the grouping of creative disciplines (Q2018526) that produce works (Q838948) designed to evoke emotional power, conceptual ideas, technical proficiency, or beauty. The historical origin of art is complex and multifaceted, with roots stretching back to ancient civilizations, where it served as a means of communication, storytelling, and cultural expression. As a cultural activity, art has been centered around the creation of works that utilize creative or imaginative talents, with the expectation of evoking a worthwhile experience in the viewer. Despite the lack of a universally agreed-upon definition, art has consistently played a vital role in shaping human culture and experience, with its interpretation varying greatly across different eras and regions.

At its core, the art movement is characterized by a wide range of techniques, aesthetics, and styles, which have evolved over time and been shaped by various key figures. While it is difficult to pinpoint specific key figures or regions, as the art movement is a broad and eclectic phenomenon, it is clear that the Western tradition has had a profound influence on the development of art. The three classical branches of visual art - painting, sculpture, and architecture - have served as a foundation for many artistic movements and styles, from the classical realism of ancient Greece to the modern experimentation of contemporary artists. The aesthetics of art are equally diverse, encompassing everything from the sublime and beautiful to the provocative and challenging. Through their works, artists have sought to capture the essence of the human experience, exploring themes such as love, loss, and the human condition. By examining the various techniques and aesthetics employed by artists, we can gain a deeper understanding of the art movement and its significance in human culture.

The lasting impact of the art movement is undeniable, with its influence extending far beyond the realm of creative expression. Art has played a significant role in shaping cultural identity, challenging social norms, and inspiring innovation and progress. As a genealogical legacy, art continues to evolve and adapt, incorporating new technologies, styles, and ideas into its ever-expanding canon. The art movement has also had a profound impact on our understanding of human emotion, cognition, and perception, with many artistic works serving as a window into the human experience. As we move forward in time, it is clear that the art movement will continue to play a vital role in shaping human culture and experience, offering a powerful means of expression, communication, and connection. By exploring the rich and complex history of art, we can gain a deeper appreciation for the power and significance of this enduring and ever-evolving creative force."
"Art Deco","1910","France","French Arts; Decorative Arts; International Exhibition; Modern Decorative; Industrial Arts","","decorative art","Société des artistes décorateurs; cubism; Constructivism; functionalism; modern architecture","Q173782","influential visual arts design style which first appeared in France during the 1920s","Art Deco, short for the French Arts décoratifs (lit. 'Decorative Arts'), is a style of visual arts, architecture, and product design that first appeared in Paris in the 1910s just before World War I and flourished internationally during the 1920s to early 1930s, through styling and design of the exterior and interior of anything from large structures to small objects, including clothing, fashion, and jewelry. Art Deco has influenced buildings from skyscrapers to cinemas, bridges, ocean liners, trains, cars, trucks, buses, furniture, and everyday objects, including radios and vacuum cleaners. The name Art Deco came into use after the 1925 Exposition internationale des arts décoratifs et industriels modernes (International Exhibition of Modern Decorative and Industrial Arts) held in Paris.","The dawn of the 20th century marked a pivotal moment in the evolution of visual arts, as the world witnessed the emergence of a revolutionary design style that would come to be known as Art Deco. Originating in France during the 1910s, this influential visual arts design style first gained traction in the 1920s, a period of great cultural and economic transformation. The term ""Art Deco"" is, in fact, a condensed version of the French phrase ""Arts décoratifs,"" which translates to ""Decorative Arts."" This etymological context is crucial in understanding the ethos of the movement, which sought to elevate the status of decorative arts to that of fine arts. The historical origin of Art Deco is deeply rooted in the country's rich cultural heritage, with the movement's early manifestations evident in the works of French artists and designers who sought to break away from traditional norms.

At its core, Art Deco is characterized by a distinctive set of techniques and aesthetics that reflect the era's fascination with modernity, luxury, and technology. The movement's key figures, including designers and artists associated with the French Arts, played a significant role in shaping the visual identity of Art Deco. The 1925 Exposition internationale des arts décoratifs et industriels modernes (International Exhibition of Modern Decorative and Industrial Arts) held in Paris marked a watershed moment in the movement's history, as it brought together the most prominent designers and artists of the time to showcase their works. The exhibition's emphasis on modern decorative and industrial arts helped to solidify Art Deco's reputation as a style that effortlessly blended functionality with elegance. The movement's core techniques, which include the use of geometric shapes, metallic materials, and bold colors, were expertly employed by designers to create a wide range of objects, from furniture and jewelry to buildings and bridges.

The lasting impact of Art Deco on the world of visual arts and design cannot be overstated. As a style that effortlessly bridged the gap between high art and popular culture, Art Deco has left an indelible mark on the genealogical legacy of modern design. From the iconic skyscrapers of Manhattan to the opulent interiors of luxury ocean liners, Art Deco's influence can be seen in a wide range of contexts. Moreover, the movement's emphasis on modernity and innovation has inspired generations of designers, artists, and architects, who continue to draw upon Art Deco's rich visual vocabulary to create new and exciting works. As a testament to its enduring legacy, Art Deco remains a beloved and revered style, one that continues to captivate audiences with its unique blend of elegance, sophistication, and modernist flair. The movement's influence can be seen in various aspects of modern life, from fashion and architecture to product design and visual arts, ensuring its continued relevance in the contemporary cultural landscape."
"Art Nouveau","1890","","New Art","","decorative art","","Q34636","international philosophy and style of art, architecture and applied art","Art Nouveau ( AR(T) noo-VOH; French: [aʁ nuvo] ; lit. 'New Art'), Jugendstil in German, is an international style of art, architecture, and applied art, especially the decorative arts. It was often inspired by natural forms such as the sinuous curves of plants and flowers. Other characteristics of Art Nouveau were a sense of dynamism and movement, often given by asymmetry or whiplash lines, and the use of modern materials, particularly iron, glass, ceramics and later concrete, to create unusual forms and larger open spaces.","The dawn of the 1890s marked the emergence of a revolutionary art movement, aptly termed Art Nouveau, or ""New Art"" in French. This international philosophy and style of art, architecture, and applied art, sought to break free from the shackles of traditional norms, embracing a novel approach to creative expression. Characterized by an unwavering emphasis on innovation and experimentation, Art Nouveau's historical origin can be traced back to the late 19th century, where it gained momentum as a collective response to the rapidly changing world. As an ethos, Art Nouveau embodied the spirit of progress, freedom, and creativity, laying the groundwork for a new era in art and design. Notably, this movement was not confined to a specific region, but rather was a widespread phenomenon that transcended geographical boundaries, with key figures and proponents contributing to its development and dissemination.

At its core, Art Nouveau was defined by a distinctive set of techniques and aesthetics. Inspired by the sinuous curves of plants and flowers, artists and architects of this movement sought to capture the essence of natural forms, often incorporating elements of dynamism and movement into their works. Asymmetry, whiplash lines, and the strategic use of modern materials such as iron, glass, ceramics, and concrete, were hallmark characteristics of Art Nouveau. Key figures, such as the protagonists of the ""New Art"" movement, played a pivotal role in shaping the style's trajectory, pushing the boundaries of conventional art and design. The likes of Victor Horta, Antoni Gaudí, and Louis Comfort Tiffany, among others, left an indelible mark on the movement, their innovative works continuing to inspire awe and admiration. As a testament to the era's fascination with innovation, Art Nouveau's emphasis on modern materials and techniques paved the way for a new wave of artistic experimentation, freeing creators from the constraints of traditional mediums and methods.

The lasting impact of Art Nouveau on the art world is a testament to the movement's enduring legacy. As a genealogical precursor to a range of subsequent art movements, including Art Deco and Modernism, Art Nouveau's influence can be seen in the works of numerous artists and architects who followed in its footsteps. The movement's emphasis on innovation, experimentation, and creative freedom, has continued to inspire generations of artists, designers, and architects, shaping the course of modern art and design. Today, Art Nouveau's iconic works, from the intricate glasswork of Tiffany to the sweeping curves of Gaudí's Sagrada Família, remain a testament to the movement's visionary spirit, a reminder of the power of art to transform and transcend the boundaries of time and space. As a lasting legacy, Art Nouveau's impact on the art world continues to be felt, its influence extending far beyond the realm of art, into the very fabric of modern culture and society."
"Art Nouveau furniture","","","First World War","","","","Q17049684","Furniture style, 1890s to 1914","Furniture created in the Art Nouveau style was prominent from the beginning of the 1890s to the beginning of the First World War in 1914. It characteristically used forms based on nature, such as vines, flowers and water lilies, and featured curving and undulating lines, sometimes known as the whiplash line, both in the form and the decoration. Other common characteristics were asymmetry and polychromy, achieved by inlaying different colored woods.","The Art Nouveau furniture movement, spanning from the 1890s to 1914, was a paradigmatic era in the annals of design history. Emerging during a time of great cultural and technological transformation, this style sought to eschew the traditional and the mundane, instead embracing a novel aesthetic that drew inspiration from the organic and the natural. The historical origin of Art Nouveau furniture can be contextualized within the broader cultural zeitgeist of the late 19th and early 20th centuries, an era marked by a penchant for innovation and experimentation. As a reaction against the rigid and mechanistic tendencies of industrialization, Art Nouveau furniture sought to reintroduce a sense of fluidity and sinuosity into the design landscape. The period preceding the First World War was particularly conducive to the proliferation of this style, as it allowed for a brief yet intense explosion of creative energy, which would eventually be truncated by the onset of global conflict.

The core techniques and aesthetics of Art Nouveau furniture are characterized by a pronounced emphasis on curvilinear forms, often inspired by botanical motifs such as vines, flowers, and water lilies. The whiplash line, a distinctive feature of this style, added a sense of dynamic tension to the design, while the use of asymmetry and polychromy created a sense of visual interest and complexity. Key figures such as Charles Rennie Mackintosh, Louis Comfort Tiffany, and Émile Gallé played a pivotal role in shaping the trajectory of Art Nouveau furniture, each bringing their unique perspective and skillset to the table. The use of inlaying different colored woods to achieve polychromy was a hallmark of this style, allowing designers to create intricate and visually striking patterns that added an extra layer of depth and nuance to their work. The regional context of Art Nouveau furniture was also significant, with cities such as Paris, Vienna, and Glasgow emerging as major hubs for the production and dissemination of this style.

The lasting impact of Art Nouveau furniture on the development of modern design cannot be overstated. As a precursor to the Art Deco and Modernist movements, Art Nouveau laid the groundwork for a more minimalist and functional approach to design, while its emphasis on organic forms and natural motifs continues to influence contemporary design practices. The genealogical legacy of Art Nouveau furniture can be seen in the work of later designers, who have drawn upon its aesthetic and technical innovations to create new and innovative forms. Despite the truncation of the Art Nouveau movement by the onset of the First World War, its influence can still be felt today, a testament to the enduring power and allure of this singular and captivating style. As a cultural and historical phenomenon, Art Nouveau furniture remains an essential component of our shared design heritage, a reminder of the transformative potential of creativity and imagination in shaping the world around us."
"Art Nouveau in Milan","1900","Italy","First World War; Stile Liberty; French Art Nouveau; German Jugendstil","","Stile Liberty; art of Milan","","Q660311","","Art Nouveau in Milan indicates the spread of such artistic style in the city of Milan between the early years of the 20th century and the outbreak of the First World War. In the Lombard capital, art nouveau, called Stile Liberty in Italian, found—thanks to its close relationship with the rampant industrial bourgeoisie of the time—a fertile ground for its rapid development, during which it oscillated between the influences of French Art Nouveau, German Jugendstil and eclecticism. At the beginning of the 20th century the Milanese bourgeois class, formed as a result of industrialization and already becoming masters of the social and economic life of the city, found in the new liberty style a ""symbol of status"" and the occasion to show its power and at the same time underline the clear departure from the noble class and its neoclassical and baroque residences.","The dawn of the 20th century marked a pivotal moment in the artistic landscape of Milan, as the city emerged as a hub for the Art Nouveau movement. During this period, the Lombard capital witnessed a profusion of innovative and avant-garde designs, which would come to be known as Stile Liberty in Italian. The term ""Liberty"" was coined in reference to the iconic London department store, Liberty & Co., which was renowned for its exotic and eclectic merchandise. As Milan's industrial bourgeoisie continued to flourish, they found in Art Nouveau a means of expressing their newfound wealth and status, thereby distinguishing themselves from the noble class and their traditional neoclassical and baroque residences. This cultural and artistic phenomenon was deeply rooted in the city's historical context, with the onset of the First World War serving as a catalyst for the movement's development.

The Art Nouveau movement in Milan was characterized by its unique blend of French Art Nouveau, German Jugendstil, and eclecticism. Key figures of the era, such as Giuseppe Sommaruga and Giovanni Battista Bossi, played a crucial role in shaping the aesthetic landscape of the city. Their designs, often featuring sinuous lines, flowing curves, and organic forms, reflected the influence of international Art Nouveau styles. The Stile Liberty movement also drew inspiration from the natural world, with motifs such as flowers, leaves, and birds appearing frequently in architectural and decorative designs. As the movement evolved, it began to incorporate elements of modernity and industrialization, resulting in a distinctive visual language that was both elegant and innovative. The interplay between these diverse influences gave rise to a unique Milanese variant of Art Nouveau, one that was marked by its own distinct flavor and character.

The Art Nouveau movement in Milan has left an enduring legacy, with its influence still palpable in the city's architectural and design landscape. The Stile Liberty style, with its emphasis on elegance, refinement, and innovation, continues to inspire contemporary artists and designers. Moreover, the movement's focus on industrialization and modernity has had a lasting impact on the development of Milan as a hub for design and technology. As a testament to its significance, many of the city's Art Nouveau buildings and landmarks have been meticulously preserved, serving as a reminder of the movement's enduring cultural and artistic significance. Today, the Art Nouveau movement in Milan remains an essential part of the city's cultural heritage, a testament to the power of artistic innovation and the enduring legacy of a bygone era."
"Art for art's sake","","","","","","","Q772046","art without any didactic, moral, or utilitarian function","Art for art's sake—the usual English rendering of l'art pour l'art (pronounced [laʁ puʁ laʁ]), a French slogan from the latter half of the 19th century—is a phrase that expresses the philosophy that 'true' art is utterly independent of all social values and utilitarian functions, be they didactic, moral, or political. Such works are sometimes described as autotelic (from Greek: autoteles, 'complete in itself'), a concept also applied to ""inner-directed"" or ""self-motivated"" persons. The phrase is sometimes used commercially.","The art movement of ""Art for art's sake"" emerged in the latter half of the 19th century, primarily in France, as a philosophical and aesthetic response to the burgeoning industrialization and commercialization of art. This era witnessed a significant shift in the way art was perceived, created, and consumed, with many artists and intellectuals grappling with the notion of art's purpose and value in society. The phrase ""l'art pour l'art,"" coined by French writers and critics, such as Théophile Gautier and Charles Baudelaire, encapsulates the idea that true art is autonomous, self-sufficient, and independent of external factors, including moral, didactic, or utilitarian functions. This ethos, rooted in the concept of autotelic art, posits that a work of art is complete in itself, requiring no external justification or purpose beyond its own existence.

At its core, ""Art for art's sake"" is characterized by a focus on the inherent qualities of art, such as form, color, and composition, rather than its representational or narrative content. Key figures associated with this movement, including James McNeill Whistler, Edgar Degas, and Claude Monet, experimented with innovative techniques and aesthetics, pushing the boundaries of traditional art forms. Their works often featured dreamlike, abstract, or fantastical elements, which served to underscore the idea that art could be appreciated and valued solely for its intrinsic beauty and emotional resonance. The movement's emphasis on artistic expression and creative freedom also led to the development of new styles and genres, such as Impressionism and Symbolism, which further expanded the possibilities of art and challenged conventional notions of beauty and taste.

The legacy of ""Art for art's sake"" can be seen in the numerous avant-garde movements that followed, from Expressionism to Surrealism, and beyond. The idea that art could be a self-contained, autonomous entity, unencumbered by external expectations or constraints, has had a lasting impact on modern and contemporary art. The movement's emphasis on creative freedom, experimentation, and innovation has inspired generations of artists, from Picasso to Warhol, to push the boundaries of art and challenge societal norms and conventions. Furthermore, the concept of autotelic art has influenced fields beyond art, including literature, music, and film, highlighting the enduring relevance and significance of ""Art for art's sake"" as a philosophical and aesthetic principle. Today, this movement remains a touchstone for artists, critics, and scholars, reminding us of the transformative power of art to inspire, provoke, and delight, solely for its own sake."
"Art in the Protestant Reformation and Counter-Reformation","","","The Protestant Reformation; High Renaissance; The Lutheran","","","","Q7760032","","The Protestant Reformation during the 16th century in Europe almost entirely rejected the existing tradition of Catholic art, and very often destroyed as much of it as it could reach.  A new artistic tradition developed, producing far smaller quantities of art that followed Protestant agendas and diverged drastically from the southern European tradition and the humanist art produced during the High Renaissance.  The Lutheran churches, as they developed, accepted a limited role for larger works of art in churches, and also encouraged prints and book illustrations.","The Protestant Reformation, which swept across 16th century Europe, had a profound impact on the art world, precipitating a seismic shift in the way art was perceived, created, and consumed. This pivotal moment in history marked a significant departure from the traditional Catholic art that had dominated the continent for centuries. The ethos of the Reformation, with its emphasis on individual interpretation of scripture and rejection of ecclesiastical authority, led to a radical reevaluation of the role of art in religious worship. As a result, a new artistic tradition began to emerge, one that was characterized by a more austere and simplified aesthetic, which diverged starkly from the grandeur and ornamentation of the High Renaissance. The Protestant Reformation's rejection of Catholic art was not limited to style, but also extended to the production and dissemination of art, with many existing works being destroyed or repurposed.

At the heart of this new artistic movement were key figures such as Lucas Cranach the Elder and Albrecht Dürer, who pioneered the use of printmaking and book illustrations as a means of disseminating Protestant ideologies. The Lutheran churches, in particular, played a significant role in shaping this new artistic tradition, encouraging the creation of prints and book illustrations that could be easily reproduced and distributed. The core techniques employed by these artists were characterized by a focus on simplicity, clarity, and didacticism, with an emphasis on conveying moral and theological messages. Aesthetically, the art of the Protestant Reformation was marked by a more subdued color palette, a emphasis on line and form, and a rejection of the elaborate ornamentation and iconography of Catholic art. The High Renaissance, with its humanist ideals and classical influences, was seen as a rival aesthetic, one that was perceived as decadent and corrupt. The Protestant Reformation's artistic movement, on the other hand, sought to create a more humble and devotional form of art, one that was grounded in scripture and the everyday lives of believers.

The lasting impact of the Protestant Reformation on the art world cannot be overstated. The Reformation's emphasis on individual interpretation and personal devotion helped to lay the groundwork for a more diverse and pluralistic artistic landscape, one in which artists were free to explore new themes, styles, and forms. The genealogical legacy of this movement can be seen in the subsequent development of Protestant art, which continued to evolve and adapt over the centuries, influencing everything from the iconography of Lutheran churches to the aesthetic of modern Christian art. Today, the art of the Protestant Reformation remains an important part of our cultural heritage, a testament to the enduring power of art to shape and reflect the values and beliefs of a given society. As such, it continues to be an important area of study for art historians, theologians, and scholars of cultural studies, offering a unique window into the complex and often fraught history of art and religion in the Western world."
"Art in the Streets","","","Contemporary Art Los; Jeffrey Deitch; Aaron Rose; Roger Gastman; New York City; West Coast; Los Angeles; Brooklyn Museum","","","","Q16740175","exhibition held at the Museum of Contemporary Art, Los Angeles from April 17 to August 8, 2011","Art in the Streets was an exhibition held at the Museum of Contemporary Art Los Angeles from April 17 to August 8, 2011. Curated by its then-director Jeffrey Deitch and associate curators Aaron Rose and Roger Gastman, it surveyed the development of graffiti and global street art from the 1970s to the present, covering the cities of New York City, the West Coast, London, and São Paulo with a focus on Los Angeles. It was supposed to travel to the Brooklyn Museum from March 30 to July 8, 2012.","The art movement known as Art in the Streets, which culminated in a seminal exhibition at the Museum of Contemporary Art, Los Angeles, from April 17 to August 8, 2011, represents a pivotal moment in the evolution of contemporary art. This era-defining movement, curated by the museum's then-director Jeffrey Deitch and associate curators Aaron Rose and Roger Gastman, sought to chronicle the development of graffiti and street art from the 1970s to the present. By tracing the historical trajectory of this movement, we can gain a deeper understanding of the sociocultural contexts that gave rise to it, as well as the key figures who helped shape its aesthetic and ethos. The exhibition's focus on cities such as New York City, the West Coast, London, and São Paulo, with a particular emphasis on Los Angeles, underscores the movement's global reach and diversity.

At its core, Art in the Streets is characterized by a distinctive set of techniques and aesthetics that reflect the movement's origins in urban graffiti and street art. The exhibition featured a wide range of works, from large-scale murals and installations to more intimate, mixed-media pieces, all of which showcased the movement's emphasis on experimentation, creativity, and community engagement. Key figures such as Jeffrey Deitch, Aaron Rose, and Roger Gastman played a crucial role in shaping the movement's trajectory, while artists from diverse backgrounds and geographical locations contributed to its rich cultural tapestry. The exhibition's coverage of cities such as New York City and Los Angeles highlighted the unique styles and sensibilities that emerged in each urban context, from the raw energy of East Coast hip-hop to the laid-back, sun-drenched vibe of West Coast skate culture. By examining the core techniques and aesthetics of Art in the Streets, we can gain a deeper appreciation for the movement's innovative spirit and its enduring influence on contemporary art.

The Art in the Streets exhibition has had a lasting impact on the art world, helping to legitimize street art and graffiti as recognized forms of contemporary art. The movement's genealogical legacy can be seen in the many artists who have been inspired by its emphasis on experimentation, community engagement, and creative risk-taking. Although the exhibition was originally scheduled to travel to the Brooklyn Museum from March 30 to July 8, 2012, its influence extends far beyond the confines of any single institution or location. As a testament to the movement's enduring relevance, Art in the Streets continues to inspire new generations of artists, curators, and art enthusiasts, ensuring its place in the annals of art history as a pivotal moment in the evolution of contemporary art. By examining the movement's historical origins, core techniques, and lasting impact, we can gain a deeper understanding of the complex, multifaceted nature of Art in the Streets and its ongoing influence on the art world."
"Art manifesto","","","","of the various movements in the modernist avant-garde and are still written today","manifesto; literature","","Q4797221","public declaration of the intentions, motives, or views of an artist or artistic movement","An art manifesto is a public declaration of the intentions, motives, or views of an artist or artistic movement. Manifestos are a standard feature of the various movements in the modernist avant-garde and are still written today. Art manifestos are sometimes in their rhetoric intended for shock value, to achieve a revolutionary effect.","The art manifesto, a pivotal phenomenon in the trajectory of modern art, has been a cornerstone of avant-garde movements, allowing artists to proclaim their intentions, motivations, and perspectives to a broader audience. Emerging as a distinct entity in the early 20th century, the art manifesto has its historical origins in the fervent climate of revolutionary thought and artistic innovation that defined this era. As a public declaration, the manifesto has been employed by artists and movements as a means of asserting their unique vision, often with the intention of shocking the status quo and instigating a paradigm shift in the art world. By examining the ethos and historical context of the art manifesto, it becomes evident that this phenomenon is deeply intertwined with the evolution of modern art, serving as a catalyst for the development of novel aesthetics, techniques, and ideologies.

At its core, the art manifesto is characterized by its emphasis on bold, unapologetic declarations that often challenge conventional norms and artistic conventions. Key figures such as Marcel Duchamp, Tristan Tzara, and André Breton have all contributed to the rich tapestry of art manifestos, each imbuing their respective movements with a unique set of techniques, aesthetics, and philosophies. The Dada movement, for instance, with its emphasis on irreverence and randomness, spawned a plethora of manifestos that sought to subvert traditional notions of art and reality. Similarly, the Surrealist movement, with its focus on the subconscious and the world of dreams, produced manifestos that explored the realms of the irrational and the unknown. Through these manifestos, artists have been able to distill their creative visions, broadcasting them to a wider audience and, in the process, shaping the course of art history.

The art manifesto's lasting impact on the art world is undeniable, with its influence extending far beyond the confines of the early 20th century. As a genre, the manifesto has continued to evolve, adapting to the changing artistic landscape and incorporating novel themes, styles, and mediums. The legacy of the art manifesto can be seen in the numerous movements that have followed in its wake, from the Situationist International to the contemporary art world, where manifestos continue to be written and disseminated. As a testament to the enduring power of the art manifesto, its genealogical legacy can be observed in the work of artists, curators, and critics who continue to engage with the ideas, aesthetics, and ideologies that these documents embody. Ultimately, the art manifesto remains an essential component of the art world, serving as a platform for artists to express their visions, challenge the status quo, and shape the future of art."
"Art movement","","","","","cultural movement; art style","","Q968159","tendency or style in art with a specific common philosophy or goal, possibly associated with a specific historical period","An art movement is a tendency or style in art with a specific art philosophy or goal, followed by a group of artists during a specific period of time, (usually a few months, years or decades) or, at least, with the heyday of the movement defined within a number of years. Art movements were especially important in modern art, when each consecutive movement was considered a new avant-garde movement. Western art had been, from the Renaissance up to the middle of the 19th century, underpinned by the logic of perspective and an attempt to reproduce an illusion of visible reality (figurative art).","The concept of an art movement has been a cornerstone of artistic expression and innovation, shaping the trajectory of Western art from the Renaissance to the present day. Emerging as a distinct phenomenon in the modern era, art movements have provided a framework for artists to coalesce around a shared philosophy, style, or goal, often in response to the prevailing artistic and cultural norms of their time. The era in which art movements flourished is not defined by a specific period, but rather by the ebb and flow of creative currents that have swept through the art world, leaving an indelible mark on its development. The region in which art movements emerged is also not limited to a specific geographic location, but rather is a global phenomenon that has been shaped by a diverse range of cultural and artistic influences. Key figures, too, are not restricted to a specific group of artists, but rather encompass a broad range of visionaries who have helped to shape the course of art history.

At its core, an art movement is characterized by a tendency or style that is guided by a specific common philosophy or goal, often in conjunction with a specific historical period. The description of an art movement is multifaceted, encompassing a range of artistic expressions, from the avant-garde to the traditional, and is often associated with a specific historical period or cultural context. As noted in Wikipedia, an art movement is a tendency or style in art with a specific art philosophy or goal, followed by a group of artists during a specific period of time, and is especially important in modern art, where each consecutive movement was considered a new avant-garde movement. The key figures associated with each movement have played a crucial role in shaping its aesthetic and technical characteristics, with visionaries such as Picasso, Warhol, and Pollock pushing the boundaries of artistic expression and challenging the status quo. The core techniques and aesthetics of each movement have been shaped by a complex interplay of cultural, historical, and artistic factors, resulting in a diverse array of styles, from the geometric abstraction of Cubism to the pop art irony of the 1960s.

The lasting impact of art movements on the development of modern and contemporary art cannot be overstated. As each movement has built upon the innovations of its predecessors, a rich genealogical legacy has emerged, with artists continually referencing, reinterpreting, and challenging the aesthetic and philosophical premises of earlier styles. The influence of art movements can be seen in the diverse range of artistic expressions that continue to emerge, from the street art of Banksy to the digital art of contemporary practitioners. As such, the concept of an art movement remains a vital and dynamic force in the art world, providing a framework for artists to engage with the cultural, historical, and philosophical currents of their time, and to push the boundaries of artistic expression in innovative and unforeseen ways. Ultimately, the art movement remains an essential component of the artistic landscape, a testament to the power of creative innovation and the enduring legacy of artistic expression."
"Art of Champa","","Champa","Southeast Asian","","Cham culture; Vietnamese art; art of the Earth","","Q2864642","","Champa was an Southeast Asian civilization that flourished along the coasts of what is now central and southern Vietnam for roughly a one thousand-year period between 500 and 1700 AD. The original Cham and Proto-Chamic peoples were mainland Austronesian sailors, who adopted as their principal vocations those of trade, shipping, and piracy. Their cities were ports of call on important trade routes linking India, China and the Indonesian islands. The history of Champa was one of intermittent conflict and cooperation with the people of Java, the Khmer of Angkor in Cambodia and Đại Việt (Annam) of the Vietnamese in what is now northern Vietnam.","The art of Champa, a bygone yet fascinating civilization, flourished along the coastlines of central and southern Vietnam from approximately 500 to 1700 AD. This era, marked by a unique blend of cultural exchange and conflict, gave rise to a distinct artistic identity that warrants scholarly attention. As a Southeast Asian civilization, Champa's history is replete with tales of trade, shipping, and piracy, with its cities serving as pivotal ports of call on the crucial trade routes linking India, China, and the Indonesian islands. The original Cham and Proto-Chamic peoples, predominantly mainland Austronesian sailors, laid the groundwork for a rich cultural heritage that would eventually unfold. The historical context of Champa, with its intermittent conflicts and cooperation with neighboring civilizations, such as the people of Java, the Khmer of Angkor in Cambodia, and Đại Việt (Annam) of the Vietnamese in northern Vietnam, underscores the complexities of this bygone era.

At the heart of Champa's artistic expression lies a distinct set of core techniques and aesthetics, shaped by the region's cultural and geographical characteristics. The art of Champa is characterized by a unique blend of Hindu and Buddhist influences, as evident in the intricate sandstone carvings and sculptures that adorned its temples and monuments. Key figures, such as the skilled artisans and craftsmen of the region, played a pivotal role in shaping the artistic landscape of Champa. The aesthetic sensibilities of Champa's art are marked by a sense of elegance and refinement, with intricate details and ornate patterns that reflect the cultural exchange and diversity of the region. While the historical record of specific key figures in Champa's art movement is limited, it is clear that the artistic achievements of this era were a testament to the ingenuity and creativity of the Southeast Asian people.

The art of Champa has left a lasting impact on the cultural and artistic heritage of Southeast Asia, with its genealogical legacy continuing to inspire and influence contemporary artistic expression. The distinctive style and aesthetic of Champa's art have been rediscovered and reinterpreted by modern artists, ensuring the continuation of this unique cultural tradition. Furthermore, the study of Champa's art and history provides a fascinating window into the complexities of cultural exchange and conflict in the region, offering valuable insights into the dynamics of power, identity, and creativity in pre-colonial Southeast Asia. As scholars, we are reminded of the importance of preserving and promoting the cultural heritage of bygone civilizations, such as Champa, to ensure that their artistic achievements and historical legacy continue to inspire future generations. By examining the art of Champa through a critical and nuanced lens, we can gain a deeper understanding of the cultural and historical context in which it emerged, and appreciate the enduring significance of this fascinating art movement."
"Art of Europe","","","Upper Paleolithic; Iron Age; Roman Empire; North Africa; Western Asia","","culture of Europe; Western art; art of the Earth","","Q16243117","art created in any of the current or historical locations of the European continent","The art of Europe, also known as Western art, encompasses the history of visual art in Europe. European prehistoric art started as mobile Upper Paleolithic rock and cave painting and petroglyph art and was characteristic of the period between the Paleolithic and the Iron Age. Written histories of European art often begin with the Aegean civilizations, dating from the 3rd millennium BC. However, a consistent pattern of artistic development within Europe becomes clear only with Ancient Greek art, which was adopted and transformed by Rome and, with the Roman Empire, was carried across much of Europe, North Africa and Western Asia.","The art of Europe, a vast and diverse tapestry of creative expression, has been woven over millennia, with its origins dating back to the Upper Paleolithic era. This period, marked by the emergence of mobile rock and cave painting, as well as petroglyph art, laid the foundation for the development of European art. The ethos of European art is rooted in the region's complex history, with various civilizations rising and falling, each leaving an indelible mark on the artistic landscape. From the Aegean civilizations of the 3rd millennium BC to the present day, European art has evolved, adapting to the cultural, social, and political contexts of its time. The historical origin of European art is a testament to the region's rich cultural heritage, with the art of ancient Greece, in particular, playing a pivotal role in shaping the aesthetic and technical foundations of Western art.

At its core, the art of Europe is characterized by a wide range of techniques, aesthetics, and key figures. The Upper Paleolithic period, with its enigmatic cave paintings, gave way to the Iron Age, which saw the rise of more sophisticated art forms. The Roman Empire, with its vast reach and influence, played a significant role in disseminating artistic styles and techniques across Europe, North Africa, and Western Asia. Key figures, such as the ancient Greeks, with their iconic sculptures and architectural achievements, have had a lasting impact on the development of European art. The art of the Roman Empire, with its ornate mosaics, frescoes, and monumental architecture, further solidified the foundations of Western art. The convergence of these diverse influences has resulted in a rich and nuanced artistic landscape, with various regional styles and traditions emerging over time. From the austere grandeur of Romanesque architecture to the sublime beauty of Renaissance painting, European art has continued to evolve, incorporating new ideas, techniques, and mediums.

The art of Europe has had a profound and lasting impact on the development of Western art, with its genealogical legacy continuing to shape artistic expression to this day. The influence of European art can be seen in the work of artists, architects, and designers from around the world, with many drawing upon the region's rich cultural heritage for inspiration. The art of Europe has also played a significant role in shaping cultural identity, with various artistic movements and styles reflecting the social, political, and philosophical currents of their time. As a testament to its enduring legacy, European art continues to inspire, educate, and captivate audiences, offering a window into the region's complex history, cultural diversity, and artistic ingenuity. The art of Europe remains a vital and dynamic force, with its influence extending far beyond the borders of the continent, a true reflection of the region's status as a cradle of artistic innovation and expression."
"Art of Mathura","","India","The Art; Mauryan Empire","","","","Q28173968","ancient school of art, especially Sculpture, in India","The Art of Mathura refers to a particular school of Indian art, almost entirely surviving in the form of sculpture, starting in the 2nd century BCE, which centered on the city of Mathura, in central northern India, during a period in which Buddhism, Jainism together with Hinduism flourished in India. Mathura ""was the first artistic center to produce devotional icons for all the three faiths"", and the pre-eminent center of religious artistic expression in India at least until the Gupta period, and was influential throughout the sub-continent. Chronologically, Mathuran sculpture becomes prominent after Mauryan art, the art of the Mauryan Empire (322 and 185 BCE).","The Art of Mathura, an ancient school of art thriving in the city of Mathura, in central northern India, has been a pivotal force in the evolution of Indian art, particularly sculpture. This esteemed tradition, which commenced in the 2nd century BCE, has its roots in a period where Buddhism, Jainism, and Hinduism coexisted and flourished, thereby fostering an environment of creative expression and innovation. As an epicenter of artistic production, Mathura gained prominence as the first city to generate devotional icons for all three faiths, establishing itself as a beacon of artistic excellence. Historically, the Art of Mathura emerges as a distinct entity following the Mauryan Empire, which reigned from 322 to 185 BCE, and whose art, known as Mauryan art, had a profound influence on the development of subsequent artistic movements.

The core techniques and aesthetics of the Art of Mathura are characterized by a blend of finesse and simplicity, resulting in sculptures that exude a sense of serenity and spiritual depth. During this period, artists employed a range of materials, including stone, metal, and terracotta, to create intricate and detailed works of art. The Mauryan Empire, with its patronage of the arts, played a significant role in shaping the artistic landscape of Mathura, as evidenced by the numerous sculptures and monuments that have been unearthed in the region. Key figures associated with the Art of Mathura include the master craftsmen and artisans who worked under the patronage of the Mauryan Empire, as well as the monarchs who supported and encouraged the development of this unique artistic tradition. The sculptures produced during this era, often depicting deities, mythological figures, and royal personages, demonstrate a high level of technical proficiency and artistic expression, underscoring the ingenuity and creative genius of the artists who created them.

The Art of Mathura has had a lasting impact on the trajectory of Indian art, with its influence extending beyond the realm of sculpture to encompass other art forms, such as architecture and painting. The genealogical legacy of this ancient school of art can be seen in the numerous artistic traditions that have emerged in India over the centuries, including the Gupta period, which is often regarded as the ""Golden Age"" of Indian art. The Art of Mathura's emphasis on devotional icons, spiritual themes, and technical excellence has inspired generations of artists, resulting in a rich and diverse artistic heritage that continues to inspire and captivate audiences today. As a testament to the enduring power of this ancient artistic tradition, the Art of Mathura remains an essential part of India's cultural landscape, a reminder of the country's profound spiritual and artistic roots, and a source of inspiration for artists, scholars, and art enthusiasts alike."
"Art of Mesopotamia","","Mesopotamia","Bronze Age; Iron Age","","culture of Ancient Mesopotamia; Asian art; ancient art","","Q1072751","","The art of Mesopotamia has survived in the record from early hunter-gatherer societies (8th millennium BC) on to the Bronze Age cultures of the Sumerian, Akkadian, Babylonian and Assyrian empires. These empires were later replaced in the Iron Age by the Neo-Assyrian and Neo-Babylonian empires. Widely considered to be the cradle of civilization, Mesopotamia brought significant cultural developments, including the oldest examples of writing.","The art of Mesopotamia, spanning from the 8th millennium BC to the Iron Age, is a testament to the region's rich cultural heritage and its pivotal role in the development of human civilization. As the cradle of civilization, Mesopotamia witnessed the emergence of complex societies, the invention of writing, and the creation of iconic works of art that continue to inspire and influence contemporary artistic expression. The historical origin of Mesopotamian art is deeply rooted in the region's unique geography, with the Tigris and Euphrates rivers providing a fertile ground for the growth of urban centers and the flourishing of artistic innovation. The ethos of Mesopotamian art is characterized by a strong sense of community, spirituality, and storytelling, reflecting the values and beliefs of the societies that created them.

The core techniques and aesthetics of Mesopotamian art are marked by a remarkable diversity and sophistication, with key figures such as the Sumerians, Akkadians, Babylonians, and Assyrians contributing to the development of distinct artistic styles and traditions. The Bronze Age saw the creation of intricate sculptures, relief carvings, and ceramics, often adorned with mythological and symbolic motifs. The Iron Age, with the rise of the Neo-Assyrian and Neo-Babylonian empires, witnessed the production of monumental architecture, elaborate wall paintings, and exquisite metalwork. The art of Mesopotamia is characterized by a strong emphasis on narrative and representation, with depictions of mythological scenes, royal courts, and everyday life. The use of materials such as clay, stone, and metal allowed for a wide range of creative expression, from the delicate craftsmanship of jewelry to the grandeur of monumental sculpture.

The lasting impact and genealogical legacy of Mesopotamian art are evident in the numerous civilizations that have been influenced by its styles, motifs, and techniques. The invention of writing, which originated in Mesopotamia, has had a profound impact on the development of human culture, enabling the recording of history, literature, and art. The artistic traditions of Mesopotamia have also been transmitted to subsequent cultures, including the ancient Greeks, Romans, and Islamic civilizations, contributing to the rich tapestry of global artistic heritage. Today, the art of Mesopotamia continues to inspire artists, historians, and scholars, offering a unique window into the creativity, imagination, and values of ancient societies. As a testament to the enduring power of art, the legacy of Mesopotamian art remains an essential part of our shared cultural heritage, inviting us to contemplate the beauty, wisdom, and creativity of our ancestors."
"Art of Movement","","United States","Tony Orduna; Jay Park; Cha Cha Malone; Dial Tone; Massive Monkees","","","","Q4797245","B-boy dance crew based in Seattle, Washington, USA","Art of Movement (AOM) is a Seattle-based b-boy crew founded in 2002 by brothers Junior and Tony Orduna. The crew received attention due to member Jay Park's popularity as a singer and rapper. Cha Cha Malone is a producer and composer, and works closely with Jay Park, and Dial Tone won R-16 Korea in 2012 with Massive Monkees, another Seattle-based b-boy crew.","The Art of Movement, a seminal b-boy crew emanating from Seattle, Washington, embodies the symbiotic relationship between dance, music, and self-expression. Founded in 2002 by brothers Junior and Tony Orduna, this collective has been a beacon of creativity, fostering an ethos of innovation and camaraderie. As an integral part of the hip-hop vernacular, the Art of Movement crew has navigated the nuanced landscape of breakdancing, leaving an indelible mark on the genre. With a historical origin steeped in the rich cultural heritage of the United States, the crew's evolution has been characterized by a distinctive fusion of styles, honed through dedication and perseverance. As a scholarly inquiry, this examination seeks to contextualize the Art of Movement within the broader narrative of b-boy culture, highlighting the crew's contributions to the ever-evolving tapestry of dance and music.

At its core, the Art of Movement crew has been defined by its mastery of core techniques, which have been distilled into a unique aesthetic. This distinctiveness is perhaps most pronounced in the crew's emphasis on musicality, athleticism, and showmanship. Key figures, such as Jay Park, Cha Cha Malone, and Dial Tone, have played pivotal roles in shaping the crew's artistic vision. Jay Park, a versatile singer and rapper, has brought a level of mainstream attention to the crew, while Cha Cha Malone's production and composition skills have provided a sonic backbone for the group's performances. Meanwhile, Dial Tone's accomplishments, including his victory at R-16 Korea in 2012 alongside Massive Monkees, another renowned Seattle-based b-boy crew, have cemented the Art of Movement's reputation as a force to be reckoned with. Through their individual and collective talents, these key figures have helped to establish the crew as a benchmark of excellence within the b-boy community.

The Art of Movement's lasting impact on the world of dance and music is a testament to the crew's unwavering dedication to their craft. As a genealogical legacy, the crew's influence can be seen in the numerous b-boy crews that have followed in their footsteps. The Art of Movement's commitment to innovation and self-expression has inspired a new generation of dancers, musicians, and artists, who continue to push the boundaries of what is possible. As a cultural phenomenon, the crew's significance extends beyond the realm of dance, speaking to the power of creativity, perseverance, and community. As such, the Art of Movement crew remains an integral part of the ongoing narrative of b-boy culture, its contributions continuing to resonate with audiences and inspire new generations of artists. Through their enduring legacy, the crew has ensured that the art of movement will continue to evolve, adapt, and thrive, a lasting testament to the transformative power of dance and music."
"Art of Urartu","","Urartu","Western Asia; Armenian Highland","","art of the Earth","","Q240184","art from Urartu (Ararat)","The art of Urartu refers to a historical and regional type of art from Urartu (Ararat), the ancient state of Western Asia which existed in the period from the 13th to the 6th centuries BC in the Armenian Highland. The art of Urartu was strongly influenced by nearby Assyria, the most prominent state of that period in the region. It peaked around the 8th century BC but was mostly looted, scattered and destroyed with the fall of Urartu about a century later.","The art of Urartu, a lesser-known yet fascinating chapter in the annals of art history, refers to the distinctive cultural and artistic expressions that emerged in the ancient state of Urartu, situated in the Armenian Highland of Western Asia. This historical and regional type of art flourished from the 13th to the 6th centuries BC, with its apogee occurring around the 8th century BC. As a confluence of geographical and cultural factors, the art of Urartu was inevitably shaped by the influence of nearby Assyria, the dominant power in the region during that period. The ethos of Urartian art, characterized by its unique blend of local traditions and external influences, has left an indelible mark on the artistic landscape of the ancient Near East.

At its core, the art of Urartu is distinguished by its technical mastery and aesthetic sensibilities, which reflect the cultural exchange and assimilation that occurred in the region. The key figures associated with Urartian art, although not explicitly documented, are implicit in the artifacts and monuments that have survived the test of time. The techniques employed by Urartian artists, such as relief sculpture, metalwork, and ceramics, demonstrate a high degree of skill and craftsmanship. The aesthetics of Urartian art, marked by a fusion of geometric and naturalistic motifs, betray the influence of Assyrian art, while also retaining distinct local characteristics. The artifacts unearthed from the region, including the famous bronze shields and cuneiform-inscribed stelae, attest to the artistic prowess of the Urartians and their capacity to absorb and transform external influences into a unique cultural expression.

The art of Urartu, although largely eclipsed by the rise and fall of empires, has left a lasting impact on the artistic genealogy of the region. Despite the vicissitudes of history, which looted, scattered, and destroyed much of Urartian art, the legacy of this ancient civilization continues to inspire and inform contemporary artistic expressions. The Urartian artistic tradition, with its distinctive blend of local and external influences, has contributed to the rich cultural heritage of the Armenian Highland, influencing the development of subsequent art historical periods in the region. As a testament to the enduring power of art to transcend time and circumstance, the art of Urartu remains an essential chapter in the narrative of human creative expression, inviting scholars and art enthusiasts alike to explore and appreciate its unique cultural and aesthetic significance."
"Art of ancient Egypt","","Ancient Egypt","Ancient Egyptian; Prehistoric Egypt; Roman Egypt","","culture of ancient Egypt; ancient art; art of the Earth","","Q318394","art produced by the ancient Egyptian civilization","Ancient Egyptian art refers to art produced in ancient Egypt between the 6th millennium BC and the 4th century AD, spanning from Prehistoric Egypt until the Christianization of Roman Egypt. It includes paintings, sculptures, drawings on papyrus, faience, jewelry, ivories, architecture, and other art media. It was a conservative tradition whose style changed very little over time.","The art of ancient Egypt is a testament to the ingenuity and craftsmanship of a bygone era, with a history spanning over five millennia. Emerging during the 6th millennium BC, this artistic tradition persevered until the 4th century AD, traversing the epochs of Prehistoric Egypt, Ancient Egyptian civilization, and Roman Egypt. As a subject of academic inquiry, ancient Egyptian art offers a fascinating glimpse into the cultural, social, and religious practices of a long-lost society. The study of this art form not only illuminates the historical context in which it was created but also underscores the enduring legacy of Egyptian aesthetics on the development of Western art. By examining the historical origin and evolution of ancient Egyptian art, we may gain a deeper understanding of the societal values and artistic innovations that defined this venerable tradition.

At its core, ancient Egyptian art is characterized by a distinctive set of techniques and aesthetics that remained remarkably consistent over time. The use of hieroglyphics, symbolic motifs, and stylized representations of humans and animals are all hallmarks of this artistic tradition. Key figures, such as the pharaohs and other high-ranking officials, often commissioned artworks that reflected their power and status, while anonymous artisans and craftsmen played a crucial role in the production of these pieces. The art of ancient Egypt encompasses a broad range of media, including paintings, sculptures, drawings on papyrus, faience, jewelry, and architecture, demonstrating a profound mastery of various materials and techniques. The Roman period, in particular, saw the introduction of new artistic influences, as evidenced by the works of Roman Egyptian artists who blended traditional Egyptian styles with Greco-Roman motifs. By analyzing these core techniques and aesthetics, we may discern the cultural and artistic impulses that drove the creation of ancient Egyptian art.

The art of ancient Egypt has had a lasting impact on the development of Western art, with its influence evident in various artistic and architectural traditions. From the Neoclassical movement to modern abstract art, Egyptian motifs and techniques have been reinterpreted and reimagined by artists across the centuries. Moreover, the discovery of ancient Egyptian artifacts and the subsequent study of this art form have inspired generations of scholars, artists, and enthusiasts, contributing to a deeper understanding of human cultural expression. As a genealogical legacy, ancient Egyptian art continues to captivate audiences worldwide, offering a window into a bygone era and a testament to the power of human creativity and artistic expression. By examining the lasting impact and legacy of ancient Egyptian art, we may appreciate the enduring significance of this artistic tradition and its continued relevance in contemporary artistic and cultural discourse."
"Art of rock relief in ancient Iran","","","Iranian Antiquity; Middle Eastern","","","","Q2864640","Ancient artistic practice","The art of rock relief has been practiced by several civilizations during Iranian Antiquity since the end of the 3rd millennium BC. Iran, with 90 panels known in 2007 and distributed mainly in the provinces of Fars, Kurdistan, and Khuzestan, has the largest Middle Eastern concentration of ancient rock reliefs. This profusion is explained by the abundance of rock material in western Iran. It is also due to the fact that, drawing inspiration from its predecessors both for the choice of themes and for that of the sites, each new empire marks its advent by the realization of new panels and thus makes the art evolve.","The art of rock relief in ancient Iran is a testament to the region's rich cultural heritage, with a historical origin dating back to the end of the 3rd millennium BC. This ancient artistic practice has been a cornerstone of Iranian Antiquity, with key figures from the region contributing to its evolution over time. The Middle Eastern context, particularly in Iran, has been instrumental in shaping this art form, with the country boasting an impressive 90 panels, primarily concentrated in the provinces of Fars, Kurdistan, and Khuzestan. The abundance of rock material in western Iran has facilitated the creation of these reliefs, which have become an integral part of the region's historical landscape. As an academic discipline, the study of rock reliefs in ancient Iran offers valuable insights into the cultural, social, and historical dynamics of the time, underscoring the significance of this art form in understanding the complexities of Iranian Antiquity.

At its core, the art of rock relief in ancient Iran is characterized by a range of techniques and aesthetics that have been refined over time. The reliefs often feature intricate carvings, depicting various themes, including royal hunts, battles, and ceremonial scenes. Key figures, such as the rulers of the Achaemenid and Sassanian empires, have played a significant role in shaping the art form, with each new empire marking its advent by creating new panels and thereby contributing to the evolution of the art. The choice of themes and sites has been influenced by predecessors, demonstrating a clear line of continuity and tradition. The aesthetics of these reliefs are marked by a blend of realism and stylization, with attention to detail and a deep understanding of the natural environment. The art of rock relief in ancient Iran is a testament to the region's cultural and artistic sophistication, with the reliefs serving as a window into the past, offering a glimpse into the lives and values of the people who created them.

The art of rock relief in ancient Iran has had a lasting impact on the region's cultural landscape, with a genealogical legacy that continues to influence contemporary art and artistic practices. The reliefs have not only provided a visual record of the region's history but have also inspired generations of artists, architects, and scholars. The study of rock reliefs in ancient Iran has also shed light on the cultural exchange and diffusion of ideas between different civilizations, highlighting the complex and multifaceted nature of artistic expression in the region. As a testament to the region's rich cultural heritage, the art of rock relief in ancient Iran continues to fascinate and inspire, offering a unique window into the past and a powerful reminder of the enduring legacy of Iranian Antiquity. The preservation and study of these reliefs are essential for understanding the historical and cultural context of the region, and for appreciating the significance of this ancient artistic practice in the modern world."
"Art of the Low Countries","","Low Countries","Low Countries; High Middle Ages","","culture of the Low Countries; аrt of Europe","","Q4797262","visual arts created in the Low Countries, as well as Belgium and the Netherlands","The art of the Low Countries consists of painting, sculpture, architecture, printmaking, pottery, and other forms of visual art produced in the Low Countries, and since the 19th century in Belgium in the southern Netherlands and the Netherlands in the north. From the late Middle Ages until about 1700 the Low Countries were a leading force in the art of northern Europe, thereafter becoming less important. In the earlier High Middle Ages Mosan art, from an area partly in the Low Countries, had had a similar role.","The art of the Low Countries, a realm of unparalleled creative expression, emerged during the High Middle Ages, a period of great cultural and artistic transformation in Europe. This era, spanning from the 12th to the 15th century, laid the groundwork for the flourishing of a distinct visual arts tradition in the region. The Low Countries, encompassing present-day Belgium and the Netherlands, became a hotbed of artistic innovation, as master craftsmen and artists pushed the boundaries of painting, sculpture, architecture, printmaking, and other mediums. The art of the Low Countries is characterized by its unique blend of technical skill, attention to detail, and emotive power, reflecting the region's strategic position at the crossroads of European trade and cultural exchange.

The core techniques and aesthetics of the Low Countries' art are marked by a remarkable level of sophistication and refinement. Artists such as Jan van Eyck, Rogier van der Weyden, and Hieronymus Bosch developed and refined methods such as oil painting, glazing, and chiaroscuro, which enabled them to achieve unprecedented levels of realism and depth in their works. The use of symbolism, allegory, and narrative was also prevalent, often imbuing the art with a sense of mysticism and spiritual introspection. The works of these key figures, as well as others like Quentin Massys and Pieter Bruegel the Elder, not only reflected the cultural and societal values of their time but also contributed to the evolution of a distinct artistic identity in the Low Countries. The art of this region is a testament to the ingenuity and creative genius of its people, who were able to harness their technical skills to convey complex emotions, ideas, and experiences.

The art of the Low Countries has had a lasting impact on the development of Western art, its influence extending far beyond the region's borders. The innovative techniques, aesthetics, and themes that emerged during this period have been embraced and reinterpreted by artists across Europe, shaping the course of art history. The legacy of the Low Countries' art can be seen in the works of later masters, such as Rembrandt and Vermeer, who built upon the foundations laid by their predecessors. Today, the art of the Low Countries remains a vital part of our cultural heritage, a testament to the power of human creativity and the enduring appeal of beauty, imagination, and intellectual curiosity. As a genealogical legacy, it continues to inspire artists, scholars, and enthusiasts alike, offering a window into the past while illuminating the present and informing the future of art."
"Art of the Seljuks of Iran","","Seljuk Empire","","","Islamic art","","Q2864625","art of the Seljuk Empire","The art of the Seljuks of Iran refers to the art produced throughout the eastern part of the Islamic world, between the capture of Baghdad (1055) and the Mongol invasions (end of the 13th century). Nomads of Turkish origin (that is to say from present-day Mongolia), the Seljuks swept over the Islamic world towards the end of the 10th century from eastern Iran (Transoxiana and Khwarezm). They gradually established power by playing on the enmities between the different micro-dynasties of the region and seized Baghdad in 1048, effectively ending Abbasid rule, although they retained a caliph-puppet on the throne of Baghdad.","The art of the Seljuks of Iran embodies a fascinating confluence of cultural influences, borne out of the tumultuous 11th century, when nomadic tribes of Turkish origin swept across the Islamic world. Emerging from the eastern realms of Iran, specifically Transoxiana and Khwarezm, the Seljuks leveraged the existing enmities between regional micro-dynasties to gradually consolidate power, ultimately seizing Baghdad in 1055 and effectively terminating Abbasid rule. Despite retaining a puppet caliph on the throne, the Seljuks' ascendancy marked a significant turning point in the artistic landscape of the region. As a result, the art of the Seljuks of Iran flourished between the mid-11th century and the late 13th century, yielding a distinctive visual language that reflected the cultural exchange and cross-pollination of the time.

At its core, the art of the Seljuks of Iran was characterized by a masterful blending of Central Asian, Persian, and Islamic traditions. Key figures, such as the renowned architect Nizam al-Mulk, played a pivotal role in shaping the aesthetic contours of Seljuk art, often incorporating intricate geometric patterns, arabesques, and calligraphic motifs into their works. The iconic mosques, madrasas, and palaces constructed during this period, such as the Friday Mosque in Isfahan, exemplify the Seljuks' innovative use of brickwork, stucco, and glazed tilework. Moreover, the Seljuks' patronage of artisans and craftsmen led to significant advancements in ceramics, textiles, and metalwork, as evident in the exquisite inlaid bronze vessels and intricately woven carpets produced during this era. The syncretic nature of Seljuk art, which drew upon a diverse array of influences, yielded a unique visual vocabulary that would subsequently influence the development of Islamic art in the region.

The art of the Seljuks of Iran has had a lasting impact on the cultural heritage of the region, with its influences visible in the subsequent artistic movements of the Ilkhanid, Timurid, and Safavid dynasties. The Seljuks' innovative use of materials, techniques, and motifs paved the way for the creation of iconic landmarks, such as the Masjed-e Jame in Isfahan, which continues to inspire wonder and awe today. Furthermore, the genealogical legacy of Seljuk art can be seen in the work of later artists, who drew upon the visual and aesthetic traditions established during this period. As a testament to the enduring power of Seljuk art, its influence can still be discerned in the modern artistic expressions of the region, serving as a poignant reminder of the transformative role that art has played in shaping the cultural identity of Iran and the broader Islamic world."
"Art of the late 16th century in Milan","","Duchy of Milan; Italy","The Milanese; Spanish Empire; Reformed Churches","","Mannerism; art of Milan","","Q15229457","aspects of art of the late 16th century in Milan","The art of the late 16th century in Milan developed, as elsewhere, along several strands and styles summarized in Mannerism, Counter-Reformation art, and Classicism. These currents divided the city's art scene, often undergoing mutual influences. The Milanese art scene of the late 16th century must therefore be analyzed by considering the city's particular position: while for the Spanish Empire it represented a strategic military outpost, from a religious point of view it was at the center of the conflict between the Catholic and Reformed Churches.","The art of the late 16th century in Milan represents a fascinating confluence of cultural, religious, and political forces that shaped the city's aesthetic landscape. Situated in the Duchy of Milan, a strategic military outpost of the Spanish Empire, the city's art scene was characterized by a unique blend of influences. As a hub of artistic innovation, Milan was also at the epicenter of the conflict between the Catholic and Reformed Churches, which further complicated the cultural dynamics. This complex historical context gave rise to a distinctive art movement, marked by the coexistence of Mannerism, Counter-Reformation art, and Classicism. The Milanese, as the native inhabitants of the region, played a pivotal role in shaping this artistic landscape, alongside the Spanish Empire and the Reformed Churches, which exerted significant influence over the city's cultural trajectory.

The art of late 16th century Milan was characterized by a range of core techniques and aesthetics, which reflected the city's position at the crossroads of artistic and cultural trends. Mannerist artists, such as Gian Paolo Lomazzo and Simone Peterzano, developed a unique style marked by elegance, refinement, and a sense of tension. The influence of the Counter-Reformation was also evident, as artists sought to create works that would inspire devotion and promote the Catholic faith. The Spanish Empire's presence in Milan introduced new artistic influences, including the work of artists such as Juan Fernández de Navarrete, who brought a sense of grandeur and drama to the city's art scene. The Reformed Churches, meanwhile, promoted a more austere and simple aesthetic, which contrasted with the ornate and elaborate style of the Catholic Church. Key figures, including the Milanese artists and the Spanish and Reformed Church patrons, played a crucial role in shaping the city's art scene, often navigating the complex web of cultural and artistic influences that defined the era.

The art of the late 16th century in Milan has had a lasting impact on the development of Western art, leaving a rich genealogical legacy that continues to inspire artists and art historians today. The city's unique blend of Mannerism, Counter-Reformation art, and Classicism paved the way for the Baroque style, which would dominate the art scene in the 17th century. The Milanese school of painting, in particular, played a significant role in the development of Italian art, influencing artists such as Caravaggio and Guido Reni. The cultural and artistic currents that defined the art of late 16th century Milan continue to resonate in contemporary art, reflecting the city's enduring status as a hub of artistic innovation and creativity. As a testament to the power of art to transcend time and circumstance, the art of late 16th century Milan remains a vital and fascinating chapter in the ongoing narrative of Western art."
"Art pop","1955","","","","pop music","","Q25094849","loosely-defined style of pop music","Art pop is a loosely defined style of pop music that emerged in the mid-1960s, influenced by art theories as well as ideas from other art mediums, such as fashion, fine art, cinema, contemporary art and avant-garde literature. The genre draws on pop art's integration of high and low culture, and emphasizes imagery, style, and gesture over personal expression. Art pop musicians may deviate from traditional pop audiences and rock music conventions, instead exploring postmodern approaches and ideas such as pop's status as commercial art, notions of artifice and the self, and questions of historical authenticity.","The art pop movement, a genre characterized by its eclectic and avant-garde approach to traditional pop music, has a rich and fascinating history that spans over five decades. Emerging in the mid-1960s, specifically around 1955, this loosely-defined style of pop music drew inspiration from various art theories and mediums, including fashion, fine art, cinema, and contemporary literature. As a scholarly field of study, art pop is marked by its integration of high and low culture, a concept that was heavily influenced by the pop art movement of the 1950s and 1960s. By embracing this intersection of art and commerce, art pop musicians were able to push the boundaries of traditional pop music and create a unique sound that was both experimental and accessible.

At its core, art pop is characterized by its emphasis on imagery, style, and gesture over personal expression. This aesthetic is reflected in the work of various musicians who have been associated with the genre, although it is worth noting that art pop does not have specific key figures or a defined region. Instead, the genre is marked by its diverse range of influences and approaches, which can include everything from electronic music to classical composition. By deviating from traditional pop audiences and rock music conventions, art pop musicians are able to explore a wide range of themes and ideas, including the status of pop music as commercial art, the notion of artifice and the self, and questions of historical authenticity. This postmodern approach to music has resulted in a body of work that is both innovative and thought-provoking, and has had a significant influence on the development of popular music.

The lasting impact of art pop can be seen in its genealogical legacy, which continues to influence musicians and artists to this day. By pushing the boundaries of what is possible in popular music, art pop musicians have helped to create a more experimental and innovative musical landscape. The genre's emphasis on style, imagery, and gesture has also had a significant impact on the visual arts, with many musicians incorporating elements of fashion, film, and fine art into their work. As a result, art pop has become a major force in shaping the sound and aesthetic of contemporary popular music, and its influence can be seen in a wide range of genres, from electronic music to indie rock. As such, the study of art pop provides a unique insight into the intersection of art and commerce, and the ways in which music can be used to challenge and subvert cultural norms."
"Arte Informale","","","Arte Informale; Abstract Expressionism; Arte Povera; Art Autre; Lyrical Abstraction","","","","Q16975398","art movement","Arte Informale is a term coined in 1950 by the French critic Michel Tapié to refer to the art movement that began during the mid-1940s in post-World War II Europe. This movement also paralleled the Abstract Expressionism movement that was taking place at the same time in the United States, and had ties to the Arte Povera movement.   Sometimes referred to as Tachism, Art Autre or Lyrical Abstraction, it was a type of abstraction in which form became less important than that of the expressive impulses of the artist, and was opposed to the rationalism of traditional abstraction.","The post-World War II era witnessed a seismic shift in the European art landscape, giving rise to the enigmatic movement of Arte Informale. Coined by French critic Michel Tapié in 1950, this term encapsulates the gestural, non-representational, and deeply expressive art form that emerged in the mid-1940s. As a reaction to the war's devastation, artists sought to break free from traditional norms, instead embracing a more primal and emotive language. Arte Informale's evolution paralleled the Abstract Expressionism movement in the United States, while also forging ties with the Arte Povera movement, thus situating itself within a broader transatlantic artistic dialogue. This essay will delve into the historical context, core techniques, and lasting impact of Arte Informale, highlighting its significance within the trajectory of modern art.

At its core, Arte Informale was characterized by a rejection of rationalism and a prioritization of the artist's intuitive, expressive impulses. Artists associated with this movement, such as Georges Mathieu, Pierre Soulages, and Jean Dubuffet, employed techniques like tachism, where spontaneous gestures and splatters of paint created dynamic, non-geometric compositions. This focus on process over form led to a proliferation of innovative aesthetics, including the use of unconventional materials and the incorporation of chance and accident. The movement's ethos was also reflected in its various aliases, including Tachism, Art Autre, and Lyrical Abstraction, each highlighting a distinct facet of its expressive and non-representational nature. By abandoning traditional representational forms, Arte Informale artists sought to tap into a deeper, more primal source of creativity, one that was unencumbered by the constraints of rational thought.

The legacy of Arte Informale can be seen in its profound impact on the development of subsequent art movements. As a precursor to the Arte Povera movement, it paved the way for a more tactile, material-oriented approach to art-making. Moreover, its emphasis on expressive gesture and process has influenced generations of artists, from the Abstract Expressionists to contemporary practitioners. Arte Informale's genealogical legacy can also be seen in its dialogue with other avant-garde movements, such as Action Painting and the Cobra group. Through its rejection of traditional norms and its emphasis on the artist's intuitive impulses, Arte Informale has left an indelible mark on the trajectory of modern art, one that continues to inspire and inform artistic practice today. As a testament to the enduring power of this movement, its influence can be seen in the continued experimentation and innovation that defines the ever-evolving landscape of contemporary art."
"Arte Povera","1967","Italy","Arte Povera; Germano Celant","","","","Q576913","Italian art movement","Arte Povera (Italian: [ˈarte ˈpɔːvera]; literally ""poor art"") was an art movement that took place from the end of the 1960s to the beginning of the 1970s in major cities throughout Italy and above all in Turin. Other cities where the movement was also important are Milan, Rome, Genoa, Venice, Naples and Bologna. The term was coined by Italian art critic Germano Celant in 1967, and introduced in Italy during the period of upheaval at the end of the 1960s, when artists were taking a radical stance.","The Italian art movement of Arte Povera, which translates to ""poor art,"" emerged in 1967, a time of significant cultural and social upheaval in Italy. This era, marked by student-led protests and labor strikes, created a fertile ground for artists to challenge conventional norms and explore new modes of creative expression. The term ""Arte Povera"" was coined by Italian art critic Germano Celant, who sought to describe the radical departure from traditional artistic mediums and techniques that characterized this movement. By embracing humble, everyday materials and rejecting the commercialization of art, Arte Povera artists aimed to reconnect with the fundamental essence of creativity and to forge a more authentic relationship between art and society.

At its core, Arte Povera was defined by its use of unconventional materials and its rejection of traditional artistic hierarchies. Artists such as Mario Merz, Giovanni Anselmo, and Pier Paolo Calzolari employed found objects, natural materials, and industrial waste to create installations, sculptures, and performances that were often ephemeral and site-specific. The aesthetic of Arte Povera was characterized by a sense of rawness, simplicity, and spontaneity, which reflected the movement's emphasis on process over product and its desire to break down the boundaries between art and life. Germano Celant, as the movement's leading theorist and curator, played a crucial role in promoting and shaping the development of Arte Povera, which was marked by a series of influential exhibitions and publications that helped to establish the movement's international reputation.

The legacy of Arte Povera can be seen in its lasting impact on the development of contemporary art, particularly in the fields of installation, performance, and conceptual art. The movement's emphasis on experimentation, collaboration, and social engagement has inspired generations of artists to challenge traditional notions of art and to explore new ways of interacting with audiences and environments. Moreover, Arte Povera's focus on the material and the mundane has influenced a wide range of artistic practices, from the use of found objects in sculpture to the incorporation of everyday materials in architectural design. As a result, Arte Povera remains a vital and influential movement in the history of modern art, one that continues to shape our understanding of the relationship between art, society, and the environment."
"Arts and Crafts movement","","","The Arts; British Isles; British Empire","","","","Q330369","international design movement","The Arts and Crafts movement was an international trend in the decorative and fine arts that developed earliest and most fully in the British Isles and subsequently spread across the British Empire and to the rest of Europe and North America.  Broadly, the beginning of the movement can be dated to the 1880s, with the term itself first used in 1887, and by about 1920 it can be considered as over in the UK, although the term continued in spurious use for various popular elements in design.  Initiated in reaction against the perceived impoverishment of the decorative arts and the conditions in which they were produced, the movement flourished in Europe and North America between about 1880 and 1920.","The Arts and Crafts movement was a transformative international design movement that originated in the British Isles in the late 19th century, subsequently spreading across the British Empire and beyond. Emerging in the 1880s, with the term itself first being used in 1887, this era of creative innovation was characterized by a fervent reaction against the perceived devaluation of decorative arts and the unfavorable conditions in which they were produced. The movement's historical origins were deeply rooted in a desire to revitalize the aesthetic and spiritual qualities of art, which were seen as being undermined by the Industrial Revolution's emphasis on mass production and mechanization. As a result, the Arts and Crafts movement became a powerful conduit for artists, designers, and craftspeople to reclaim the value of traditional craftsmanship and the beauty of handmade objects.

At its core, the Arts and Crafts movement was defined by a distinctive set of techniques, aesthetics, and key figures. The movement's proponents, such as William Morris, John Ruskin, and Philip Webb, advocated for a return to traditional craftsmanship, emphasizing the importance of manual skill, attention to detail, and the use of high-quality materials. The movement's aesthetic was characterized by a focus on natural forms, organic patterns, and a emphasis on the beauty of everyday objects. Core techniques included woodworking, metalwork, textiles, and ceramics, which were often combined in innovative ways to create unique and functional objects. The movement's key figures, many of whom were associated with the British Arts and Crafts movement, played a significant role in shaping the movement's ideals and aesthetics, and their influence can be seen in the work of later artists and designers.

The Arts and Crafts movement's lasting impact on the development of modern art and design cannot be overstated. The movement's emphasis on traditional craftsmanship, functional design, and the beauty of everyday objects helped to lay the foundation for a wide range of subsequent design movements, including Art Nouveau, Modernism, and the Studio Craft movement. The movement's genealogical legacy can be seen in the work of countless artists, designers, and craftspeople who have been inspired by its ideals and aesthetics. Today, the Arts and Crafts movement remains an important and influential chapter in the history of art and design, continuing to inspire new generations of creatives and design enthusiasts. As a testament to its enduring significance, the movement's core principles and aesthetics continue to shape the way we think about art, design, and the role of craftsmanship in modern society."
"Arts of Iran","","Iran","The Arts","","culture of Iran","","Q22948336","","The Arts of Iran include a variety of traditional disciplines, including architecture, painting, literature, music, weaving, pottery, calligraphy, and metalwork. Today, there is an active modern Iranian art scene, including cinema and photography. For a history of Persian visual art up to the early 20th century, see Persian art or Iranian architecture.","The Arts of Iran, a rich and multifaceted cultural phenomenon, have been a cornerstone of the region's heritage for centuries. With a historical origin dating back to the Achaemenid Empire (550-330 BCE), this movement has been shaped by a unique blend of indigenous, Islamic, and external influences. The ethos of Iranian art is deeply rooted in the country's geographic location, bridging the East and the West, and has been a testament to the region's strategic position along the Silk Road. This cultural crossroads has given rise to a distinct aesthetic that is both deeply rooted in tradition and open to innovation. The Arts of Iran have been a vital part of the country's identity, reflecting its complex history, philosophical underpinnings, and artistic expression.

At the core of the Arts of Iran lies a diverse range of traditional disciplines, including architecture, painting, literature, music, weaving, pottery, calligraphy, and metalwork. These art forms have been characterized by a set of core techniques, such as the use of geometric patterns, arabesques, and calligraphic inscriptions, which have been employed to create intricate and beautiful works of art. Key figures, such as the legendary poet Rumi and the renowned miniaturist Kamal al-Din Bihzad, have played a significant role in shaping the aesthetic and philosophical underpinnings of Iranian art. The artistic landscape of Iran has been further enriched by the contributions of modern artists, such as film director Abbas Kiarostami and photographer Shirin Neshat, who have pushed the boundaries of traditional forms and explored new modes of expression. The artistic production of Iran is characterized by a unique blend of spirituality, intellectual curiosity, and emotional depth, reflecting the country's complex cultural heritage.

The lasting impact of the Arts of Iran can be seen in their genealogical legacy, which has influenced artistic traditions across the Middle East, Central Asia, and beyond. The intricate geometric patterns, calligraphic inscriptions, and lyrical literary themes that are characteristic of Iranian art have been adopted and adapted by various cultures, from the Ottoman Empire to the Indian subcontinent. Today, the Arts of Iran continue to thrive, with a new generation of artists engaging with traditional forms while exploring contemporary themes and mediums. As a testament to the country's rich cultural heritage, the Arts of Iran remain an essential part of Iran's national identity, reflecting its complex history, philosophical underpinnings, and artistic expression. The study of the Arts of Iran offers a fascinating window into the country's cultural landscape, highlighting the intricate relationships between art, culture, and society in this ancient and vibrant civilization."
"Asian American art","","","Asian American; Ka Chau; Daguerrean Establishment; Linda Nishio","","","","Q30672320","","Art is a popular form of expression within the Asian American community and can be seen as a way for the community to push against tradition. Common forms of art are painting or photography and the first known record or Asian American art was in 1854, in the form of a photography studio by Ka Chau entitled ""Daguerrean Establishment"". Performance art became a popular form of expression by the 1960s, allowing artists like Linda Nishio to focus on issues of representation and self-image.","The Asian American art movement has a rich and diverse history, spanning over a century and a half. Emerging as a distinct form of expression within the Asian American community, this movement has played a significant role in pushing against traditional norms and expectations. Historically, the first known record of Asian American art dates back to 1854, with the establishment of Ka Chau's photography studio, aptly named ""Daguerrean Establishment"". This pioneering endeavor not only marked the beginning of a new era in Asian American art but also underscored the community's desire for self-expression and representation. As a testament to the movement's ethos, Asian American art has consistently sought to challenge conventional norms, embracing innovation and experimentation as its core principles.

At the heart of the Asian American art movement lies a diverse array of core techniques and aesthetics, which have evolved over time to reflect the community's experiences and perspectives. Painting and photography have been staples of the movement, with artists employing these mediums to convey complex emotions, ideas, and narratives. The 1960s saw a significant shift in the movement, with the emergence of performance art as a popular form of expression. Artists like Linda Nishio utilized this medium to explore critical issues of representation, self-image, and identity, often incorporating elements of activism and social commentary into their work. The movement's key figures, including Ka Chau and Linda Nishio, have not only contributed to its growth and development but have also helped to shape its distinctive character and aesthetics. Through their innovative and often provocative works, these artists have challenged audiences to reconsider their assumptions about Asian American identity and experience.

The Asian American art movement has had a lasting impact on the broader art world, extending far beyond the community from which it emerged. As a genealogical legacy, the movement has paved the way for subsequent generations of Asian American artists, providing a foundation for continued innovation and experimentation. The movement's emphasis on representation, self-expression, and social commentary has also resonated with other marginalized communities, inspiring new forms of artistic resistance and activism. Today, Asian American art continues to thrive, with artists pushing the boundaries of traditional mediums and exploring new forms of expression. As a testament to the movement's enduring legacy, Asian American art remains a powerful and thought-provoking force, challenging audiences to confront the complexities of identity, culture, and community in the contemporary world."
"Assamese manuscript painting","","India","","","culture of Assam; Indian painting","","Q116692654","painting in the Indian region of Assam","Assamese manuscript painting in the Assam region developed through the movement of Vaishnavism. Vaishnava saints were primarily responsible for the establishment of manuscript painting tradition in Assam. A large number of manuscript paintings were done and copied during the 16th to 19th centuries.","The Assamese manuscript painting tradition, an intriguing and oft-overlooked aspect of Indian art history, has its roots deeply entrenched in the region of Assam, India. This distinct art movement, which flourished from the 16th to the 19th centuries, is inextricably linked to the propagation of Vaishnavism, a religious and philosophical movement that swept across the Indian subcontinent during this period. The Assamese manuscript painting tradition was largely facilitated by Vaishnava saints, who played a pivotal role in establishing this unique artistic tradition. As a result, the movement not only reflects the sociocultural and religious ethos of the time but also demonstrates a remarkable confluence of artistic and literary expression.

At its core, Assamese manuscript painting is characterized by a distinctive set of techniques and aesthetics that set it apart from other Indian art traditions. The paintings, often rendered in vivid colors and delicate lines, typically depicted scenes from Hindu mythology, particularly those related to the life and deeds of Lord Krishna. While key figures associated with this movement are not well-documented, it is evident that the artists who created these manuscripts were highly skilled and dedicated individuals who poured their hearts and souls into their work. The manuscripts themselves, often copied and illustrated by hand, demonstrate a remarkable level of craftsmanship and attention to detail. The aesthetic appeal of these paintings lies in their ability to convey a sense of serenity, elegance, and spiritual depth, drawing the viewer into a world of mythological wonder and contemplation.

The lasting impact of Assamese manuscript painting on Indian art and culture cannot be overstated. As a testament to the region's rich cultural heritage, this art movement has left an indelible mark on the genealogical legacy of Indian art, influencing subsequent generations of artists and artisans. The delicate lines, vibrant colors, and mythological themes that characterize Assamese manuscript painting have seeped into the broader Indian artistic consciousness, informing and inspiring a wide range of artistic expressions, from miniature paintings to modern art. As such, the study of Assamese manuscript painting offers a unique window into the cultural, historical, and artistic intricacies of the Assam region, highlighting the complex interplay between art, religion, and culture in shaping the very fabric of Indian society. Through its enduring beauty and spiritual significance, Assamese manuscript painting continues to captivate art historians, scholars, and enthusiasts, inviting us to revel in the splendor and majesty of this forgotten yet fascinating art movement."
"Auricular style","","","Northern Europe; Northern Mannerism","","decorative art","","Q372240","style of ornamental decoration","The auricular style or lobate style (Dutch: kwabstijl, German: Ohrmuschelstil) is a style of ornamental decoration, mainly found in Northern Europe in the first half of the 17th century, bridging Northern Mannerism and the Baroque. The style was especially important and effective in silversmithing, but was also used in minor architectural ornamentation such as door and window reveals, picture frames, and a wide variety of the decorative arts. It uses softly flowing abstract shapes in relief, sometimes asymmetrical, whose resemblance to the side view of the human ear gives it its name, or at least its ""undulating, slithery and boneless forms occasionally carry a suggestion of the inside of an ear or a conch shell"".","The auricular style, a distinctive and enigmatic movement in the realm of ornamental decoration, emerged in Northern Europe during the first half of the 17th century, serving as a critical bridge between Northern Mannerism and the Baroque. This era, marked by an intense fascination with abstract shapes and relief forms, saw the auricular style flourish as a unique aesthetic language, particularly in the realm of silversmithing. Characterized by softly flowing, undulating motifs that evoke the human ear or the interior of a conch shell, this style not only reflected the artistic inclinations of its time but also contributed significantly to the evolution of decorative arts in the region. The term ""auricular"" itself, derived from the Latin word for ""ear,"" underscores the style's peculiar affinity with the ear's shape, an observation that has captivated art historians and enthusiasts alike.

At the heart of the auricular style lies a complex interplay of core techniques and aesthetics that distinguish it from its contemporaries. The use of softly flowing, abstract shapes in relief, often asymmetrical and devoid of the rigid symmetries common in other decorative styles, gives auricular works their unique visual tension. Key figures associated with this movement, though not always explicitly identified as part of a coherent ""school,"" include silversmiths and craftsmen from Northern Europe who were experimenting with new forms of ornamental decoration. The style's prevalence in minor architectural elements, picture frames, and various decorative arts alongside its prominence in silversmithing, speaks to its adaptability and the innovative spirit of its practitioners. The auricular style's aesthetic, with its slithery, boneless forms, not only reflects the artistic explorations of Northern Mannerism but also anticipates the exuberance and dramatic lighting of the Baroque, positioning it as a pivotal moment in the genealogy of European decorative arts.

The lasting impact of the auricular style on the development of decorative arts in Europe and beyond is undeniable, despite its relatively short period of prominence. This style's emphasis on abstract, flowing forms and its experimentations with relief and asymmetry paved the way for later artistic movements, influencing not only the Baroque but also elements of Rococo and Art Nouveau. The auricular style's genealogical legacy can be seen in the continued use of organic, curvilinear motifs in modern and contemporary design, from architecture to jewelry. Moreover, the style's unique blend of the abstract and the organic has inspired artists and designers to explore new expressive possibilities, ensuring the auricular style's place in the broader narrative of art history as a moment of innovative excellence and enduring influence. As such, the auricular style stands not merely as a relic of a bygone era but as a living, breathing component of our shared cultural heritage, its softly flowing, ear-like forms whispering tales of innovation and beauty to generations of artists and art lovers."
"Australian New Wave","","Australia","The Australian New; Australian Film Revival; Australian Film Renaissance; New Australian Cinema","","New Wave film","","Q4824505","movement in Australian cinema that emerged in the 1970s","The Australian New Wave (also known as the Australian Film Revival, Australian Film Renaissance, or New Australian Cinema) was an era of resurgence in the worldwide popularity of the Australian cinema, particularly in the United States. It began in the early 1970s and lasted until the mid-late 1980s. The era also marked the emergence of Ozploitation, a film genre characterised by the exploitation of colloquial Australian culture.","The Australian New Wave, a cinematic phenomenon that swept the nation and gained global recognition, emerged in the 1970s, marking a pivotal moment in the country's film history. This era, also referred to as the Australian Film Revival, Australian Film Renaissance, or New Australian Cinema, was characterized by a resurgence in the popularity of Australian cinema worldwide, particularly in the United States. The historical context of this movement is rooted in the country's post-war cultural landscape, where a renewed sense of national identity and artistic expression paved the way for a new generation of filmmakers to experiment and innovate. As a result, the Australian New Wave not only revitalized the domestic film industry but also put Australian cinema on the international map, earning a reputation for producing bold, eclectic, and unapologetically Aussie stories.

At its core, the Australian New Wave was defined by its emphasis on raw, unbridled storytelling, often incorporating elements of social realism, satire, and exploitation. Key figures of this movement, such as Peter Weir, George Miller, and Bruce Beresford, pushed the boundaries of conventional narrative structures, embracing a more avant-garde and experimental approach to filmmaking. The aesthetics of the Australian New Wave were marked by a distinctively gritty, low-budget sensibility, which added to the movement's rough-around-the-edges charm. Ozploitation, a subgenre that emerged during this era, capitalized on the country's colloquial culture, often incorporating elements of horror, comedy, and action to create a uniquely Australian brand of exploitation cinema. The work of these pioneering filmmakers not only reflected the cultural and social anxieties of the time but also helped shape the country's cinematic identity, paving the way for future generations of Australian filmmakers.

The lasting impact of the Australian New Wave can be seen in the many film movements and genres that have followed in its footsteps. The era's emphasis on innovation, experimentation, and cultural relevance has inspired a new wave of Australian filmmakers to continue pushing the boundaries of storytelling and cinematic technique. The genealogical legacy of the Australian New Wave can be seen in the work of contemporary filmmakers such as Baz Luhrmann, Jane Campion, and Warwick Thornton, who have all drawn upon the movement's spirit of creative risk-taking and cultural experimentation. As a result, the Australian New Wave remains an essential chapter in the history of Australian cinema, a testament to the power of innovative storytelling and the enduring influence of this groundbreaking era on the country's film industry."
"Australian tonalism","1910","Australia; Melbourne","Max Meldrum; Scientific Order","","","Heidelberg School; modern art","Q4824756","1910s art movement","Australian tonalism was an art movement that emerged in Melbourne during the 1910s. Known at the time as tonal realism or Meldrumism, the movement was founded by artist and art teacher Max Meldrum, who developed a unique theory of painting, the ""Scientific Order of Impressions"". He argued that painting was a pure science of optical analysis, and believed that a painter should aim to create an exact illusion of spatial depth by carefully observing in nature tone and tonal relationships (shades of light and dark) and spontaneously recording them in the order that they had been received by the eye.","The dawn of the 20th century witnessed the emergence of numerous avant-garde art movements, each seeking to redefine the boundaries of creative expression. In Australia, a distinct movement known as Australian tonalism gained prominence during the 1910s, particularly in the city of Melbourne. Founded by the visionary artist and pedagogue Max Meldrum, this movement sought to revolutionize the way artists perceived and represented reality. As an art historical phenomenon, Australian tonalism is characterized by its emphasis on the scientific analysis of light and tone, underscoring the complex interplay between the eye, the brain, and the creative process. With its genesis in the early 20th century, Australian tonalism not only reflected the cultural and intellectual currents of its time but also contributed to the evolution of modern art in Australia.

At the heart of Australian tonalism lies the innovative theory of the ""Scientific Order of Impressions,"" developed by Max Meldrum. This paradigm posits that painting is a rigorous science, predicated on the precise observation and recording of tonal relationships in nature. By carefully analyzing the shades of light and dark, artists affiliated with this movement aimed to create an exact illusion of spatial depth, thereby immersing the viewer in a visually convincing environment. The core techniques employed by Australian tonalists involved spontaneous recording of impressions, often in plein-air settings, to capture the fleeting effects of light and atmosphere. Max Meldrum, as the movement's key figure, played a pivotal role in disseminating his ideas through his teachings and artistic practice, attracting a coterie of like-minded artists who shared his passion for tonal realism, also known as Meldrumism.

The legacy of Australian tonalism extends beyond its historical context, exerting a lasting impact on the development of modern art in Australia. As a distinct movement, it paved the way for subsequent generations of artists to experiment with novel techniques and aesthetic sensibilities. The emphasis on scientific observation and optical analysis, central to Meldrum's theory, influenced the work of various Australian artists, who continued to explore the intricate relationships between light, color, and space. Furthermore, the movement's focus on capturing the unique atmospheric conditions of the Australian landscape contributed to the evolution of a distinct national identity in art, one that remains an essential aspect of Australian cultural heritage. As a testament to the enduring significance of Australian tonalism, its genealogical legacy can be seen in the works of later artists, who, inspired by Meldrum's pioneering spirit, continued to push the boundaries of artistic expression in Australia."
"Avant-garde","","","","","","","Q102932","works that are experimental or innovative","In the arts and literature, the term avant-garde (from French meaning 'advance guard' or 'vanguard') identifies an experimental genre or work of art, and the artist who created it, which usually is aesthetically innovative, whilst initially being ideologically unacceptable to the artistic establishment of the time. The military metaphor of an advance guard identifies the artists and writers whose innovations in style, form, and subject-matter challenge the artistic and aesthetic validity of the established forms of art and the literary traditions of their time; thus, the artists who created the anti-novel and surrealism were ahead of their times. As a stratum of the intelligentsia of a society, some avant-garde artists promote progressive and radical politics and advocate for societal reform with and through works of art.","The avant-garde art movement, a term originating from the French language meaning 'advance guard' or 'vanguard,' has been a pivotal force in shaping the trajectory of modern and contemporary art. Emerging as a response to the traditional and conventional norms of the time, avant-garde artists sought to challenge the established aesthetic and artistic validity of their era. Historically, the term avant-garde was first used in the context of military strategy, wherein the advance guard referred to the forefront of an army that would scout out and infiltrate enemy lines. Similarly, in the realm of art, the avant-garde movement can be seen as a vanguard of innovative and experimental artists who dared to push the boundaries of creative expression, often rendering their works initially unpalatable to the artistic establishment.

At its core, the avant-garde movement is characterized by its emphasis on experimentation and innovation, often resulting in works that are aesthetically radical and unconventional. Key figures such as Marcel Duchamp, Salvador Dalí, and André Breton, among others, have been instrumental in shaping the movement's core techniques and aesthetics. The avant-garde's penchant for challenging traditional forms and subject matter has led to the creation of novel and provocative works, often blurring the lines between art, literature, and politics. The movement's use of unconventional materials, styles, and forms has also been a hallmark of its innovative spirit, with artists continually seeking to subvert and challenge the status quo. Through their works, avant-garde artists have not only reflected the societal anxieties and concerns of their time but have also actively sought to shape and influence the cultural discourse.

The lasting impact of the avant-garde movement on the development of modern and contemporary art cannot be overstated. As a genealogical legacy, the avant-garde has given rise to a plethora of subsequent art movements, from surrealism and abstract expressionism to punk and postmodernism. The movement's emphasis on experimentation, innovation, and creative freedom has inspired generations of artists, writers, and thinkers to push the boundaries of their respective mediums. Furthermore, the avant-garde's engagement with radical and progressive politics has helped to foster a critical and nuanced understanding of the role of art in shaping societal norms and values. As such, the avant-garde movement remains a vital and dynamic force in the art world, continuing to inspire and provoke audiences with its innovative and challenging works, and cementing its place as a cornerstone of modern artistic expression."
"Avant-garde photography in Japan","","","New Photography","","","","Q138673929","avant-garde and experimental photography in Japan, chiefly in the 1930s–1940s","Avant-garde photography in Japan refers to experimental photographic practices associated with Japan's interwar period and early wartime modernism, developing within and alongside the milieu of shinkō shashin (新興写真, ""New Photography""). The phrase is used here as an umbrella term linking the broader interwar modernist milieu commonly described as shinkō shashin and the narrower late-1930s ""zen'ei"" moment in which ""avant-garde photography"" was explicitly debated and claimed as a public identity. Photographers and critics explored new techniques and procedures—including photomontage, photocollage, and photograms—and adapted ideas and methods associated with Surrealism into photographic work.","The avant-garde photography movement in Japan, a pivotal era in the country's photographic history, emerged during the interwar period, primarily in the 1930s and 1940s. This experimental and innovative movement, closely tied to the shinkō shashin (新興写真, ""New Photography"") era, sought to redefine the boundaries of traditional photography. As an umbrella term, avant-garde photography in Japan encompasses a wide range of techniques, styles, and ideologies that pushed the medium beyond its conventional limits. The historical context of this movement is marked by Japan's rapid modernization and its exposure to Western artistic influences, including Surrealism, which significantly shaped the aesthetics and practices of Japanese photographers during this period.

At the core of Japan's avant-garde photography movement were novel techniques and aesthetics that borrowed from Surrealism and other modernist movements. Photomontage, photocollage, and photograms were among the innovative methods employed by photographers to create dreamlike, abstract, and often unsettling images. Key figures associated with this movement, such as those involved in the New Photography (shinkō shashin) movement, explored these techniques with great fervor, challenging traditional notions of representation and reality. The adaptation of Surrealist ideas and methods into photographic work allowed Japanese photographers to express the anxieties, uncertainties, and transformations of their time, reflecting the broader cultural and social upheavals of the interwar period. Critics and photographers alike debated the concept of ""avant-garde photography"" as a distinct identity, further solidifying its place within the Japanese modernist landscape.

The lasting impact of Japan's avant-garde photography movement is evident in its genealogical legacy, influencing generations of photographers both within and outside Japan. The experimental spirit and the willingness to challenge conventional norms that defined this era continue to inspire contemporary photographic practices. The movement's emphasis on innovation, creativity, and pushing the boundaries of the medium has contributed significantly to the evolution of photography as an art form. Furthermore, the integration of Western influences with Japanese sensibilities and aesthetics during this period laid the groundwork for future cross-cultural exchanges in photography, promoting a rich and diverse global photographic landscape. As such, the avant-garde photography movement in Japan remains a pivotal chapter in the history of photography, its influence extending far beyond the temporal and geographical confines of its inception."
"Bahay na bato","","Philippines","","","","","Q12961919","architectural style common during the Spanish colonial era in the Philippines","Báhay na bató (Filipino for ""stone house""), also known in Visayan as baláy na bató or balay nga bato, is a traditional Philippine architectural style originating from the Spanish colonial period of the Philippines (1565–1898). It is the aristocratic version of the traditional bahay kubo of the native Christianized lowlanders. It was popular among the ruling upper-class (principalía) and middle-class families in the 19th to early 20th centuries.","The Bahay na bato, a traditional Philippine architectural style, exemplifies the cultural synthesis that occurred during the Spanish colonial era in the Philippines. Emerging from the intersection of indigenous and colonial influences, this style flourished from the 16th to the 19th centuries, leaving an indelible mark on the country's architectural heritage. As a testament to the adaptive nature of Filipino culture, the Bahay na bato represents the aristocratic iteration of the humble bahay kubo, elevated to suit the tastes and preferences of the principalía, the ruling upper-class, and middle-class families. This architectural style not only reflects the cultural nuances of the time but also underscores the resilience and creativity of the Filipino people in the face of colonial rule.

At its core, the Bahay na bato is characterized by the strategic fusion of Spanish, Chinese, and indigenous design elements, resulting in a unique aesthetic that is both ornate and functional. The style typically features a stone or brick ground floor, topped by a wooden upper floor, often adorned with intricate wooden carvings, ornate facades, and capiz shell windows. While key figures responsible for popularizing this style are not well-documented, it is evident that the Bahay na bato was shaped by the collective efforts of local artisans, architects, and patrons who sought to create a distinct architectural identity. The use of local materials, such as molave and narra wood, and the incorporation of Chinese and Spanish design motifs, demonstrate the resourcefulness and cultural exchange that defined this era. The resulting aesthetic is a testament to the complex cultural dynamics at play during the Spanish colonial period, one that continues to inspire architects, artists, and historians today.

The Bahay na bato's lasting impact on Philippine architecture and cultural identity cannot be overstated. As a physical manifestation of the country's history and cultural heritage, this architectural style has been passed down through generations, with many of these structures still standing today. The preservation and restoration of Bahay na bato houses have become a priority in the Philippines, recognizing their significance as cultural artifacts and historical landmarks. Moreover, the style's influence can be seen in contemporary Philippine architecture, as designers and architects continue to draw upon this rich cultural legacy. As a genealogical legacy, the Bahay na bato serves as a powerful symbol of Filipino resilience, adaptability, and creativity, reminding us of the complex histories and cultural exchanges that have shaped the country's built environment. Through its enduring presence, the Bahay na bato continues to inspire new generations of architects, artists, and historians, ensuring its place in the country's cultural consciousness for years to come."
"Balaramapuram handlooms","","","Avittom Thirunal Balarama","","","","Q135412424","","Balaramapuram handlooms are part of a centuries-old weaving tradition  in Thiruvananthapuram .Balaramapuram handloom is a part of Thiruvananthapuram's fashion and textile heritage.The weaving tradition dates back to the 18th century during the reign of Avittom Thirunal Balarama Varma of Travancore. These handlooms are known for their use of traditional throw-shuttle pit looms, where the weavers manually operate the loom by foot while seated in a pit. The fabrics are woven using high-quality cotton yarn, often hand-spun, and are notable for their fine texture, durability, and simplicity.","The Balaramapuram handlooms represent a distinctive and venerable art movement, deeply rooted in the cultural and historical fabric of Thiruvananthapuram. Emerging during the 18th century, this tradition owes its genesis to the visionary leadership of Avittom Thirunal Balarama Varma of Travancore, a monarch who recognized the potential of weaving as a vital component of the region's textile heritage. The ethos of Balaramapuram handlooms is characterized by a profound respect for traditional craftsmanship, an emphasis on manual skill, and a commitment to preserving the integrity of ancestral techniques. This heritage is palpable in the intricate fabrics that have been meticulously woven over the centuries, each one a testament to the ingenuity and artistry of the region's master weavers.

At the heart of the Balaramapuram handloom tradition lies a unique blend of technical expertise and aesthetic sensibility. The weavers employ traditional throw-shuttle pit looms, which require great manual dexterity and coordination, as the operator must skillfully manipulate the loom while seated in a pit. This labor-intensive process yields fabrics of exceptional quality, distinguished by their fine texture, durability, and understated elegance. The use of high-quality, often hand-spun cotton yarn is a hallmark of Balaramapuram handlooms, and the resulting fabrics are prized for their simplicity, comfort, and timeless appeal. Avittom Thirunal Balarama Varma, the key figure behind the establishment of this tradition, played a pivotal role in promoting the development of Balaramapuram handlooms, recognizing the potential of this craft to contribute to the region's cultural and economic well-being.

The Balaramapuram handloom tradition has had a lasting impact on the textile landscape of Thiruvananthapuram, leaving an indelible mark on the region's fashion and cultural heritage. As a testament to the enduring legacy of this art movement, the handlooms continue to inspire new generations of weavers, designers, and connoisseurs. The genealogical legacy of Balaramapuram handlooms is evident in the numerous weaving families who have preserved and passed down their skills and knowledge over the centuries, ensuring the continued vitality of this ancient craft. As a cultural artifact, the Balaramapuram handloom embodies the values of tradition, community, and artistic expression, serving as a powerful symbol of the region's rich cultural patrimony and its unwavering commitment to the preservation of traditional craftsmanship."
"Bandhani","","","Tamil Nadu","","tie dyeing","","Q806304","tie-dyeing technique of India","Bandhani is a type of tie-dye textile decorated by plucking the cloth with the fingernails into many tiny bindings that form a figurative design.  Today, most Bandhani making centers are situated in Gujarat, Rajasthan,  Sindh, Punjab region and in Tamil Nadu where it is known as Sungudi. It is known as chunri in Pakistan.","The art of Bandhani, a traditional tie-dyeing technique of India, has a rich and storied history that spans centuries. With its origins tracing back to the ancient era, this unique method of textile decoration has been a staple of Indian craftsmanship, with various regions contributing to its evolution. Specifically, the period from which Bandhani originated is not well-documented, but its presence in modern times is a testament to its enduring significance. The ethos of Bandhani lies in its intricate and labor-intensive process, which requires great skill and patience, reflecting the cultural values of the Indian subcontinent. Historically, the region of India has played a significant role in the development of Bandhani, with various states and territories contributing to its growth and diversification.

At its core, Bandhani involves the technique of plucking the cloth with fingernails to create tiny bindings that form figurative designs, resulting in a distinctive aesthetic that is both intricate and beautiful. The key figures associated with Bandhani are not individual artists, but rather the collective expertise of craftsmen and women from specific regions, such as Tamil Nadu, where it is known as Sungudi. In other areas, like Gujarat, Rajasthan, Sindh, and Punjab, Bandhani making centers have flourished, each with its unique twist on the traditional technique. The core techniques involved in Bandhani, including the tie-dye process and the binding of fabric, have been refined over time, yielding a wide range of patterns and designs that reflect the cultural and geographical diversity of the regions in which it is practiced.

The lasting impact of Bandhani can be seen in its continued practice and appreciation, both locally and globally. As a testament to its genealogical legacy, Bandhani has influenced textile traditions in neighboring countries, such as Pakistan, where it is known as chunri. Moreover, the art form has been recognized and celebrated for its cultural significance, with efforts to preserve and promote the traditional techniques and knowledge associated with it. Today, Bandhani remains an integral part of Indian cultural heritage, with its intricate designs and rich history continuing to inspire artists, designers, and enthusiasts around the world. As a living tradition, Bandhani serves as a powerful symbol of the country's rich cultural diversity and its ability to evolve and thrive over time, leaving an indelible mark on the world of art and textiles."
"Banko ware","1730","","Nunami Rōzan","","Japanese pottery and porcelain","","Q11243639","type of Japanese pottery","Banko ware (萬古焼, Banko-yaki) is a type of Japanese pottery (Stoneware) traditionally from Yokkaichi, Mie. It is therefore also known as Yokkaichi-Banko ware. It is believed to have originated in the 18th century.","The art movement of Banko ware, a captivating tradition of Japanese pottery, has its roots firmly planted in the early 18th century, specifically around the year 1730. This distinctive style of stoneware, originating from the region of Yokkaichi, Mie, has been an integral part of Japan's rich cultural heritage for centuries. Banko ware, also known as Yokkaichi-Banko ware, has been revered for its unique aesthetic and exceptional craftsmanship, which has been meticulously passed down through generations of skilled artisans. As we delve into the history of Banko ware, it becomes evident that this traditional art form has not only played a significant role in shaping Japan's cultural identity but has also left an indelible mark on the world of ceramics.

At the core of Banko ware lies a profound emphasis on technique and aesthetics. This type of Japanese pottery is characterized by its distinctive blend of earthy tones and delicate, intricate designs, which are often achieved through a combination of skilled hand-painting and meticulous glazing techniques. One of the most notable figures associated with Banko ware is Nunami Rōzan, a renowned ceramic artist who has made significant contributions to the evolution of this traditional art form. Rōzan's innovative approaches to Banko ware have not only helped to push the boundaries of this style but have also inspired a new generation of ceramic artists to experiment with novel techniques and designs. The region of Yokkaichi, where Banko ware originated, has played a pivotal role in shaping the aesthetic and technical aspects of this pottery, with its unique combination of natural resources and cultural influences.

The lasting impact of Banko ware on the world of ceramics is undeniable, with its distinctive style and exceptional craftsmanship continuing to inspire ceramic artists and enthusiasts alike. As we reflect on the genealogical legacy of Banko ware, it becomes clear that this traditional art form has played a significant role in shaping Japan's cultural identity and has left a lasting impact on the global ceramics community. The preservation and continuation of Banko ware are a testament to the enduring power of traditional craftsmanship and the importance of cultural heritage. As we move forward, it is essential to recognize the significance of Banko ware and its contributions to the world of ceramics, ensuring that this unique and captivating art form continues to thrive for generations to come. By doing so, we can appreciate the intricate beauty and rich history of Banko ware, while also acknowledging its profound influence on the world of art and culture."
"Banna'i","","","In Iranian; Central Asia","","architectural element","","Q4856840","use of glazed tiles alternating with plain brick for decorative purposes","In Iranian architecture, banna'i (Persian: بنائی, ""builder's technique"" in Persian) is an architectural decorative art in which glazed tiles are alternated with plain bricks to create geometric patterns over the surface of a wall or to spell out sacred names or pious phrases. This technique originated in Syria and Iraq in the 8th century, and matured in the Seljuq and Timurid era, as it spread to Iran, Anatolia and Central Asia. If the brickwork design is in relief then it is referred to as hazarbaf (Persian: هزارباف, compound of hazar ""thousand"" and baf ""weavings"", referring to the woven appearance of the bricks).","The Banna'i art movement, originating in the 8th century in Syria and Iraq, hasleft an indelible mark on the architectural landscape of the Middle East and Central Asia. This technique, which translates to ""builder's technique"" in Persian, has been a cornerstone of Iranian architecture, showcasing the ingenuity and craftsmanship of its practitioners. As a testament to the region's rich cultural heritage, Banna'i has evolved over the centuries, influenced by the Seljuq and Timurid eras, to become a distinctive feature of Islamic architecture. The ethos of Banna'i lies in its ability to transform ordinary building materials into extraordinary works of art, reflecting the symbiosis between faith, aesthetics, and functionality.

At its core, Banna'i involves the deliberate placement of glazed tiles alongside plain bricks to create intricate geometric patterns, often inscribing sacred names or pious phrases. This technique, when executed in relief, is referred to as hazarbaf, evoking the visual illusion of woven bricks. The mastery of Banna'i requires a deep understanding of geometric proportions, color theory, and spatial relationships. Key figures in Iranian and Central Asian architecture have contributed to the development and refinement of this technique, pushing the boundaries of innovation and artistic expression. The resulting aesthetic is a harmonious blend of form and function, where the interplay of light, color, and texture creates a visually stunning experience. As the technique spread throughout the region, it adapted to local tastes and materials, giving rise to a diverse array of Banna'i styles, each with its unique character and charm.

The lasting impact of Banna'i on the architectural heritage of the Middle East and Central Asia cannot be overstated. As a testament to the ingenuity and craftsmanship of its practitioners, this technique has been passed down through generations, influencing a wide range of architectural styles, from mosques and madrasas to palaces and public buildings. The genealogical legacy of Banna'i is evident in the numerous monuments and structures that still stand today, a testament to the enduring power of this art form. As scholars and historians, we continue to uncover the nuances and complexities of Banna'i, revealing a rich tapestry of cultural exchange, artistic innovation, and spiritual expression. Through its intricate patterns and inscriptions, Banna'i reminds us of the profound connection between art, faith, and community, inviting us to appreciate the beauty and significance of this timeless architectural tradition."
"Baroque","","Europe; Russia; New World","The Baroque; Catholic Church; Lutheran Baroque","","","Council of Trent","Q37853","cultural movement, starting around 1600","The Baroque (UK:  bə-ROK, US:  bə-ROHK, French: [baʁɔk]) is a Western style of architecture, music, dance, painting, sculpture, poetry, and other arts that flourished from the early 17th century until the 1750s. It followed Renaissance art and Mannerism and preceded the Rococo (in the past often referred to as ""late Baroque"") and Neoclassical styles. It was encouraged by the Catholic Church as a means to counter the simplicity and austerity of Protestant architecture, art, and music, though Lutheran Baroque art developed in parts of Europe as well.","The Baroque art movement, spanning from approximately 1600 to 1750, was a profound cultural phenomenon that swept across Europe, Russia, and the New World, leaving an indelible mark on the trajectory of Western art. As a historical era, the Baroque period was characterized by a resurgence of grandiosity and opulence, borne out of the Catholic Church's desire to reassert its dominance in the face of Protestant asceticism. This ethos of extravagance and drama was not only a reaction to the austerity of Protestantism but also a means of rejuvenating the spiritual and emotional lives of the faithful. The Baroque, therefore, was more than just an artistic style; it was a full-fledged cultural movement that encompassed music, dance, painting, sculpture, poetry, and architecture, all converging to create a rich tapestry of expression.

At its core, the Baroque aesthetic was marked by an emphasis on intense emotions, intricate details, and a pronounced sense of movement and energy. Key figures such as Caravaggio, Bernini, and Rembrandt exemplified this style, employing techniques like chiaroscuro, trompe l'oeil, and intense coloration to create immersive and emotionally charged works of art. The Catholic Church played a significant role in promoting the Baroque, as it sought to counter the simplicity and austerity of Protestant architecture, art, and music. However, the Baroque also found expression in Lutheran circles, particularly in regions like Germany and Scandinavia, where it evolved into a distinct and vibrant artistic tradition. The confluence of these diverse influences resulted in a dynamic and eclectic artistic landscape, characterized by dramatic lighting, sweeping curves, and a penchant for the dramatic and the sublime.

The Baroque's lasting impact on the development of Western art is undeniable, as it paved the way for subsequent styles like Rococo and Neoclassicism. The genealogical legacy of the Baroque can be seen in the works of later artists, who drew upon its emphasis on emotion, drama, and spectacle to create their own distinctive styles. Moreover, the Baroque's influence extends beyond the realm of art, as its emphasis on grandeur, opulence, and dramatic flair has shaped the course of architectural, literary, and musical history. As a cultural movement, the Baroque continues to captivate audiences with its sheer energy, emotional intensity, and unbridled creativity, ensuring its place as one of the most enduring and influential art movements in human history. The Baroque's enduring appeal lies in its ability to evoke powerful emotions, spark the imagination, and inspire new generations of artists, thinkers, and enthusiasts alike."
"Baroque Revival architecture","","","The Baroque Revival; Second Empire","","revivalism; baroque architecture","","Q911397","architectural movement","The Baroque Revival, also known as Neo-Baroque (or Second Empire architecture in France and Wilhelminism in Germany), was an architectural style of the late 19th and early 20th centuries. The term is used to describe architecture and architectural sculptures which display important aspects of Baroque style, but are not of the original Baroque period. Elements of the Baroque architectural tradition were an essential part of the curriculum of the École des Beaux-Arts in Paris, the pre-eminent school of architecture in the second half of the 19th century, and are integral to the Beaux-Arts architecture it engendered both in France and abroad.","The Baroque Revival architectural movement, a stylistic phenomenon of the late 19th and early 20th centuries, emerged as a deliberate nod to the grandiose and ornate sensibilities of the original Baroque era. Originating in the esteemed École des Beaux-Arts in Paris, this architectural style was heavily influenced by the school's rigorous curriculum, which placed a strong emphasis on the classical elements of Baroque design. As a result, the Baroque Revival movement sought to revive and reinterpret the dramatic flourishes, sweeping curves, and majestic proportions that defined the 17th-century Baroque style, adapting them to the needs and tastes of a new era. This deliberate resurgence of Baroque elements was, in part, a reaction against the austere and utilitarian tendencies of modernity, as well as an attempt to evoke the sense of awe and wonder that the original Baroque architecture had inspired.

At its core, the Baroque Revival movement was characterized by a distinctive set of technical and aesthetic principles, which drew heavily from the Beaux-Arts tradition. Architects working within this style often employed dramatic lighting effects, elaborate ornamentation, and complex spatial compositions to create a sense of opulence and grandeur. Key figures associated with the Baroque Revival, such as the proponents of the Second Empire style in France and the Wilhelminism movement in Germany, played a significant role in shaping the movement's aesthetic and philosophical underpinnings. These architects, trained in the principles of classical design, sought to balance the exuberance of Baroque forms with the rationality and restraint of modern architectural practice. The resulting buildings, often featuring bold, curvilinear silhouettes and richly detailed surfaces, epitomized the Baroque Revival's unique blend of historical homage and innovative flair.

The lasting impact of the Baroque Revival movement can be seen in the many architectural landmarks that continue to inspire wonder and admiration today. From the grand civic buildings and monuments of Europe and North America to the opulent theaters and concert halls that still host performances around the world, the legacy of the Baroque Revival is a testament to the enduring power of architectural style to shape our cultural and aesthetic values. As a genealogical descendant of the original Baroque era, the Baroque Revival movement has also contributed significantly to the development of subsequent architectural styles, influencing everything from Art Nouveau to Postmodernism. Through its audacious fusion of historical and modern elements, the Baroque Revival has left an indelible mark on the built environment, reminding us of the transformative potential of architecture to evoke emotions, spark imagination, and connect us to our collective cultural heritage."
"Baroque architecture","1600","","Catholic Church; High Baroque","","Baroque art; architecture","Counter-Reformation","Q840829","building style of the Baroque era","Baroque architecture is a highly decorative and theatrical style which appeared in Italy in the late 16th century and gradually spread across Europe. It was originally introduced by the Catholic Church, particularly the Jesuits, as a means to combat the Reformation and the Protestant church with a new architecture that inspired astonishment, reverence and awe. It reached its peak in the High Baroque (1625–1675), when it was used in churches and palaces in Italy, Spain, Portugal, France, Bavaria and Austria.","The Baroque architectural movement, which emerged in the early 17th century, specifically around 1600, is a testament to the Catholic Church's unwavering dedication to artistic expression and spiritual revival. This era saw a seismic shift in the way buildings were designed, as architects and artists sought to create structures that inspired a sense of awe, reverence, and wonder in those who beheld them. As a response to the Protestant Reformation, the Catholic Church, particularly the Jesuits, spearheaded this movement, utilizing architecture as a vehicle to reassert its influence and promote its doctrines. The Baroque style, with its elaborate ornamentation, sweeping curves, and dramatic lighting, was the perfect medium for this endeavor, as it evoked emotions and stirred the soul like never before.

At the heart of Baroque architecture lies a repertoire of core techniques and aesthetics that define its unique character. The use of trompe l'oeil, a visual illusion that creates a sense of depth and dimensionality, was a hallmark of this style. Grandiose proportions, sweeping curves, and intricate details, such as gilded moldings and ornate frescoes, were also characteristic of Baroque buildings. Key figures, such as Gian Lorenzo Bernini and Francesco Borromini, were instrumental in shaping the High Baroque style, which reached its zenith between 1625 and 1675. During this period, the likes of St. Peter's Basilica in Rome and the Palace of Versailles in France epitomized the Baroque ideal, with their imposing facades, soaring domes, and opulent interiors. The Catholic Church's involvement in the Baroque movement was not limited to Italy, as the style soon spread to other regions, including Spain, Portugal, France, Bavaria, and Austria, leaving an indelible mark on the architectural landscape of Europe.

The legacy of Baroque architecture is a lasting one, with its influence still palpable in modern times. The movement's emphasis on drama, spectacle, and emotional resonance has inspired generations of architects, from the Rococo to the Modern era. The genealogical legacy of Baroque architecture can be seen in the works of later architects, such as Fischer von Erlach and Johann Bernhard Fischer, who drew upon the movement's principles to create their own unique styles. Moreover, the Baroque movement's impact extends beyond the realm of architecture, as its aesthetic and philosophical underpinnings have influenced art, literature, and music, giving rise to a broader cultural phenomenon that continues to captivate and inspire us today. As a testament to the enduring power of Baroque architecture, its buildings remain some of the most revered and visited sites in the world, a reminder of the transformative potential of art and architecture to shape our perceptions, evoke our emotions, and transcend time."
"Baroque dance","1600","","","","historical dance; Baroque art","","Q3015601","dance of the Baroque era","Baroque dance is dance of the Baroque era (roughly 1600–1750), closely linked with Baroque music, theatre, and opera.","The Baroque dance movement, which emerged during the 1600s, is a fascinating and intricate style of dance that is inextricably linked to the cultural, musical, and theatrical landscape of its time. As a historical phenomenon, Baroque dance is characterized by its grandeur, opulence, and dramatic flair, reflecting the era's penchant for extravagance and spectacle. This dance form, which roughly spanned from 1600 to 1750, was not only a product of its time but also played a significant role in shaping the artistic and cultural trajectory of Europe during this period. With its roots in the royal courts of Europe, Baroque dance was initially reserved for the aristocracy, but its influence soon permeated various strata of society, leaving an indelible mark on the world of dance.

At its core, Baroque dance was defined by its technical precision, ornate aesthetics, and highly stylized movements. The dance form was characterized by complex patterns, elaborate footwork, and a strong emphasis on posture, alignment, and expression. Although the movement did not have specific key figures associated with it, the era's renowned composers, choreographers, and dancers, such as Jean-Baptiste Lully and Pierre Beauchamp, made significant contributions to the development of Baroque dance. The dance form's intimate relationship with Baroque music, theatre, and opera also meant that it was often performed in conjunction with these art forms, resulting in lavish and spectacular productions that mesmerized audiences. The grandeur and majesty of Baroque dance were further amplified by the ornate costumes, elaborate sets, and dramatic lighting that accompanied its performances, creating an immersive and enchanting experience for spectators.

The impact of Baroque dance on the subsequent development of Western dance is undeniable, with its legacy evident in various dance forms that emerged in the centuries that followed. The movement's emphasis on technical precision, dramatic expression, and ornate aesthetics paved the way for the evolution of classical ballet, which owes a significant debt to the Baroque dance tradition. Moreover, the movement's influence can also be seen in the development of other dance forms, such as modern and contemporary dance, which have drawn upon the expressive and dramatic qualities of Baroque dance. As a testament to its enduring influence, Baroque dance continues to be studied, performed, and celebrated by dance scholars, artists, and enthusiasts around the world, ensuring that its rich cultural heritage remains an integral part of our shared artistic legacy."
"Baroque garden","","","The Baroque; Villa Borghese; Saint Petersburg","","garden","","Q14454362","style of garden based upon symmetry and the principle of imposing order on nature","The Baroque garden was a style of garden based upon symmetry and the principle of imposing order on nature.  The style originated in the late-16th century in Italy, in the gardens of the Vatican and the Villa Borghese gardens in Rome and in the gardens of the Villa d'Este in Tivoli, and then spread to France, where it became known as the jardin à la française or French formal garden.  The grandest example is found in the Gardens of Versailles designed during the 17th century by the landscape architect André Le Nôtre for Louis XIV. In the 18th century, in imitation of Versailles, very ornate Baroque gardens were built in other parts of Europe, including Germany, Austria, Spain, and in Saint Petersburg, Russia.","The Baroque garden, a style of garden design that emerged in the late 16th century, is characterized by its emphasis on symmetry and the imposition of order on nature. This distinctive approach to landscaping originated in Italy, specifically in the gardens of the Vatican and the Villa Borghese in Rome, as well as the Villa d'Este in Tivoli. The Baroque era, marked by a renewed interest in classical forms and a desire for grandeur, provided the perfect backdrop for the development of this ornate and majestic style of garden design. As a cultural and artistic phenomenon, the Baroque garden reflects the values of its time, including a deep appreciation for beauty, harmony, and the human ability to shape and control the natural world.

At its core, the Baroque garden style is defined by its use of symmetry, geometric shapes, and a strict adherence to formal design principles. The gardens of the Villa Borghese, with their intricately patterned parterres and majestic fountains, exemplify the aesthetics of this style. The work of landscape architect André Le Nôtre, who designed the iconic Gardens of Versailles for Louis XIV, further solidified the Baroque garden's reputation for grandeur and sophistication. The Spread of this style throughout Europe, with notable examples in Germany, Austria, Spain, and Saint Petersburg, Russia, demonstrates the far-reaching influence of the Baroque garden's core techniques and aesthetics. Key figures, such as the patrons and designers of these gardens, played a crucial role in shaping the development and dissemination of the Baroque garden style, leaving an indelible mark on the history of landscape architecture.

The Baroque garden's lasting impact on the development of landscape architecture cannot be overstated. As a cultural and artistic phenomenon, it has left a lasting legacy that continues to inspire and influence contemporary garden design. The imposition of order on nature, a core principle of the Baroque garden, has been reinterpreted and reimagined in various forms, from the formal gardens of the Enlightenment to the modernist landscapes of the 20th century. The genealogical legacy of the Baroque garden can be seen in the many gardens and landscapes that have been designed in its image, from the grand estates of Europe to the public parks and gardens of modern cities. As a testament to the enduring power of human creativity and the desire to shape and control the natural world, the Baroque garden remains an essential part of our cultural and artistic heritage, continuing to inspire and delight audiences to this day."
"Baroque in Poland","","Kingdom of Poland; Polish–Lithuanian Commonwealth; Poland","The Polish Baroque","","Baroque art; art in Poland","","Q4863053","Polish artistic style","The Polish Baroque lasted from the early 17th to the mid-18th century. As with Baroque style elsewhere in Europe, Poland's Baroque emphasized the richness and triumphant power of contemporary art forms. In contrast to the previous, Renaissance style which sought to depict the beauty and harmony of nature, Baroque artists strove to create their own vision of the world.","The Polish Baroque, a distinct artistic movement that emerged in the Kingdom of Poland and the Polish-Lithuanian Commonwealth, flourished from the early 17th to the mid-18th century. This era was marked by a profound shift in the cultural and artistic landscape, as the Renaissance style, with its emphasis on naturalism and harmony, gave way to a more dramatic and emotive aesthetic. The Polish Baroque, much like its European counterparts, was characterized by an emphasis on the richness and triumphant power of contemporary art forms, seeking to create a unique vision of the world that was both opulent and awe-inspiring. As a result, the Polish Baroque style became a defining feature of the region's architectural, sculptural, and painting traditions, reflecting the complex interplay of cultural, social, and political forces that shaped the country during this period.

At its core, the Polish Baroque was characterized by a range of core techniques and aesthetics that set it apart from other artistic movements. Artists of this era, such as Szymon Czechowicz and Tylman van Gameren, employed a range of innovative methods, including dramatic lighting effects, intense emotional expression, and a pronounced sense of movement and energy. The use of grandiose scale, intricate ornamentation, and vivid colors further enhanced the dramatic impact of Polish Baroque art, creating a sense of awe and wonder in the viewer. Key figures of the Polish Baroque, such as King John III Sobieski, who commissioned numerous grandiose architectural projects, played a significant role in shaping the artistic and cultural landscape of the region. The convergence of artistic innovation, patronage, and cultural exchange during this period resulted in a distinctive Polish artistic style, one that reflected the country's unique historical, social, and cultural context.

The Polish Baroque has left a lasting impact on the country's artistic heritage, with its influence still visible in the many stunning architectural monuments, paintings, and sculptures that dot the Polish landscape. The legacy of the Polish Baroque can be seen in the works of later artists, who drew upon the movement's emphasis on drama, emotion, and grandeur to create their own distinctive styles. Moreover, the Polish Baroque has played a significant role in shaping the country's cultural identity, reflecting the complex and often turbulent history of the region. As such, the study of the Polish Baroque offers a fascinating window into the artistic, cultural, and historical currents that have shaped Poland over the centuries, providing a rich and nuanced understanding of the country's unique cultural heritage. The enduring appeal of the Polish Baroque lies in its ability to evoke a sense of wonder, awe, and emotional resonance, a testament to the power of art to transcend time and culture."
"Baroque painting","1600","","Counter Reformation; Catholic Revival","","painting; Baroque art","absolute monarchy; Counter-Reformation; Molanus","Q808561","painting movement","Baroque painting is the painting associated with the Baroque cultural movement. The movement is often identified with Absolutism, the Counter Reformation and Catholic Revival, but the existence of important Baroque art and architecture in non-absolutist and Protestant states throughout Western Europe underscores its widespread popularity. Baroque painting encompasses a great range of styles, as most important and major painting during the period beginning around 1600 and continuing throughout the 17th century, and into the early 18th century is identified today as Baroque painting.","The Baroque painting movement, emerging in the early 17th century, marked a pivotal era in the history of art. This period, characterized by grandeur, dramatic lighting, and intense emotions, was deeply intertwined with the Counter Reformation and Catholic Revival. As a cultural phenomenon, Baroque painting was not limited to a specific region, but rather spread across Western Europe, with its influence extending beyond the borders of absolutist and Catholic states. The term ""Baroque"" itself, derived from the Portuguese word for an irregularly shaped pearl, aptly describes the unique and complex nature of this artistic movement. With its roots in the tumultuous 1600s, Baroque painting would go on to dominate the art world for over a century, leaving an indelible mark on the development of Western art.

At its core, Baroque painting was characterized by a distinctive set of techniques and aesthetics. Artists such as Caravaggio, Rembrandt, and Vermeer employed chiaroscuro, a strong contrast between light and dark, to create a sense of drama and tension in their works. This, combined with the use of intense emotions, highly ornamented decoration, and highly realistic depictions of everyday life, resulted in a style that was both captivating and thought-provoking. The key figures of the Baroque movement, including the aforementioned artists, were instrumental in shaping the visual language of the era. Their innovative use of light, color, and composition helped to establish Baroque painting as a major force in the art world, with its influence extending far beyond the confines of the Catholic Church. As the movement evolved, it also incorporated elements of science, philosophy, and politics, reflecting the complexities and nuances of the time.

The legacy of Baroque painting can be seen in its profound and lasting impact on the development of Western art. The movement's emphasis on dramatic lighting, intense emotions, and highly realistic depictions of everyday life paved the way for a range of subsequent art movements, from Rococo to Romanticism. Moreover, the Baroque style's ability to transcend geographical and cultural boundaries has ensured its continued relevance in modern times. Today, artists, art historians, and enthusiasts alike continue to draw inspiration from the masterworks of the Baroque era, testament to the enduring power and beauty of this iconic painting movement. As a testament to its genealogical legacy, Baroque painting remains an essential chapter in the narrative of art history, one that continues to captivate and inspire audiences around the world."
"Baroque sculpture","","","In Baroque; Gian Lorenzo Bernini; Quattro Fiumi","","Baroque art; art of sculpture","Hellenistic period","Q2763408","sculpture of the Baroque movement","Baroque sculpture is the sculpture associated with the Baroque style of the period between the early 17th and mid 18th centuries. In Baroque sculpture, groups of figures assumed new importance, and there was a dynamic movement and energy of human forms—they spiralled around an empty central vortex, or reached outwards into the surrounding space. Baroque sculpture often had multiple ideal viewing angles, and reflected a general continuation of the Renaissance move away from the relief to sculpture created in the round, and designed to be placed in the middle of a large space—elaborate fountains such as Gian Lorenzo Bernini‘s Fontana dei Quattro Fiumi (Rome, 1651), or those in the Gardens of Versailles were a Baroque speciality.","The Baroque sculpture movement, flourishing between the early 17th and mid 18th centuries, was a transformative era in the world of art, marked by a profound shift in the way sculptors approached their craft. This period, which saw the rise of grandiose and dynamic works, was characterized by an emphasis on movement, energy, and emotional intensity. The historical origin of Baroque sculpture is inextricably linked to the broader cultural and artistic currents of the time, as the Renaissance's emphasis on classical ideals and realism gave way to a more dramatic and expressive style. Gian Lorenzo Bernini, a towering figure of the era, would come to embody the spirit of Baroque sculpture, pushing the boundaries of what was possible with his innovative and technically masterful works.

At its core, Baroque sculpture was defined by a set of techniques and aesthetics that prioritized drama, movement, and emotional resonance. Artists of this era, such as Bernini, employed a range of techniques to create complex, swirling compositions that seemed to pulse with energy. The use of multiple ideal viewing angles, for example, allowed spectators to engage with the work from a variety of perspectives, while the incorporation of elaborate fountains, such as Bernini's iconic Fontana dei Quattro Fiumi (Rome, 1651), created immersive and dynamic environments that drew viewers in. Bernini's work, in particular, exemplified the Baroque spirit, with its emphasis on dramatic movement and emotional intensity, as seen in his masterful depiction of groups of figures spiraling around an empty central vortex, or reaching outwards into the surrounding space. The Gardens of Versailles, with their elaborate fountains and sculptural ensembles, also showcased the Baroque style, highlighting the movement's ability to create grand, sweeping works that commanded the viewer's attention.

The legacy of Baroque sculpture can be seen in the many artistic movements that followed, from the Rococo to Romanticism and beyond. The emphasis on emotional intensity, dynamic movement, and dramatic composition that defined Baroque sculpture would influence generations of artists, from the Romantic sculptors of the 19th century to the Expressionists of the 20th. Today, Bernini's works, such as the Fontana dei Quattro Fiumi, remain iconic examples of the Baroque style, continuing to inspire and awe audiences with their technical mastery and emotional resonance. As a testament to the enduring power of Baroque sculpture, these works remind us of the movement's profound contribution to the development of Western art, and its lasting impact on the way we think about and experience sculpture. By examining the historical context, key figures, and core techniques of Baroque sculpture, we can gain a deeper understanding of the movement's significance and its continued relevance in the modern era."
"Basso continuo","","","","","accompaniment","","Q724321","technique of improvisation and accompaniment, common in Baroque music","Basso continuo is a harmonic musical structure, almost universal in the Baroque era (1600–1750), that generally consisted of a bassline and a chord progression. The phrase is often shortened to continuo, and the instrumentalists playing the continuo part are called the continuo group.","The Baroque era, spanning from 1600 to 1750, was a transformative period in the realm of music, marked by the emergence of a distinct harmonic structure known as Basso continuo. This revolutionary technique of improvisation and accompaniment not only redefined the musical landscape of 17th and 18th century Europe but also left an indelible mark on the development of Western classical music. As a cornerstone of Baroque music, Basso continuo played a pivotal role in shaping the aesthetic and technical contours of the era, with its influence extending far beyond the geographical boundaries of Europe. The ethos of Basso continuo was rooted in the creative tension between structure and improvisation, allowing composers and instrumentalists to engage in a dynamic dialogue that yielded some of the most iconic works of the Baroque period.

At its core, Basso continuo was a technique that relied on the interplay between a bassline and a chord progression, providing a harmonic foundation for the melodic lines that unfolded above it. This ingenious system allowed for a remarkable degree of flexibility and expressiveness, as the continuo group – typically comprising a harpsichord, organ, or lute, accompanied by a bass instrument – could improvise and embellish the harmonic structure in real-time. Key figures such as Claudio Monteverdi, Heinrich Schütz, and Johann Sebastian Bach were instrumental in shaping the aesthetic and technical parameters of Basso continuo, pushing the boundaries of what was possible within this harmonic framework. The resulting music was characterized by a unique blend of grandeur, elegance, and emotional intensity, as exemplified by Bach's monumental passions and Monteverdi's operas. As the Basso continuo technique evolved, it became an integral part of the Baroque musical vocabulary, informing the development of various genres, from opera and oratorio to sonata and concerto.

The lasting impact of Basso continuo on the evolution of Western classical music cannot be overstated. As the Baroque era gave way to the Classical period, the harmonic and improvisational principles of Basso continuo continued to influence composers such as Haydn, Mozart, and Beethoven, who adapted and transformed these techniques to suit their own artistic visions. The genealogical legacy of Basso continuo can be seen in the development of subsequent musical styles, from the Classical sonata to the Romantic symphony, with its emphasis on harmonic richness and expressive depth. Moreover, the revival of interest in Baroque music during the 20th century led to a renewed appreciation for the art of Basso continuo, with modern performers and scholars seeking to recapture the spontaneity and creativity of this iconic musical structure. As a testament to its enduring power and relevance, Basso continuo remains an essential part of the classical music canon, a reminder of the innovative spirit and artistic genius that defined the Baroque era."
"Bauhaus and its Sites in Weimar, Dessau and Bernau","","Germany","World Heritage Sites; The Bauhaus; Bauhaus Diploma","","","","Q14863645","Joint World Heritage Site, comprising six separate sites associated with Bauhaus art school, designated in 1996, extended 2017","Bauhaus and its Sites in Weimar, Dessau and Bernau are World Heritage Sites in Germany, comprising six separate sites which are associated with the Bauhaus art school. It was designated in 1996 with four initial sites, and in 2017 two further sites were added. The Bauhaus was only in operation from 1919 until 1933 and it educated no more than 1,250 students, of whom only 155 actually graduated with a Bauhaus Diploma.","The Bauhaus movement, a revolutionary art school that emerged in Germany during the early 20th century, has left an indelible mark on the world of art, design, and architecture. Founded in 1919 by Walter Gropius, the Bauhaus was a radical experiment in reconciling fine arts and crafts, with the aim of creating a new, unified aesthetic that would transform the way people lived, worked, and interacted with their environment. The movement's ethos was rooted in a commitment to innovation, experimentation, and collaboration, seeking to break down the boundaries between art, craft, and technology. As a World Heritage Site, comprising six separate sites in Weimar, Dessau, and Bernau, the Bauhaus has been recognized for its significant cultural and historical importance, with its designation in 1996 and extension in 2017 serving as a testament to its enduring legacy.

At the core of the Bauhaus movement were a range of innovative techniques and aesthetics that sought to redefine the relationship between form and function. The school's faculty, which included luminaries such as László Moholy-Nagy, Marcel Breuer, and Wassily Kandinsky, developed a distinctive approach to design that emphasized simplicity, clarity, and functionalism. The Bauhaus Diploma, awarded to only 155 students during the school's brief existence, became a badge of honor for those who had undergone the rigorous training and apprenticeships that the school offered. Key figures such as Gropius, Ludwig Mies van der Rohe, and Hannes Meyer played a crucial role in shaping the movement's aesthetic and pedagogical approach, which emphasized the importance of hands-on experimentation, material exploration, and interdisciplinary collaboration. Through its emphasis on experimentation and innovation, the Bauhaus generated a wide range of influential designs, from furniture and textiles to architecture and graphic design, that continue to inspire and influence artists, designers, and architects today.

The Bauhaus movement's lasting impact on modern art, design, and architecture cannot be overstated. Despite its brief existence, the school's influence can be seen in a wide range of fields, from modernist architecture to graphic design, fine art, and industrial design. The movement's emphasis on functionalism, simplicity, and innovation has had a profound impact on the way we design and interact with our environment, from the chairs we sit on to the buildings we inhabit. As a cultural and historical phenomenon, the Bauhaus has also had a profound impact on our understanding of the relationship between art, technology, and society, serving as a powerful reminder of the transformative power of human creativity and innovation. Today, the Bauhaus and its Sites in Weimar, Dessau, and Bernau stand as a testament to the movement's enduring legacy, a genealogical thread that connects the past to the present and inspires future generations of artists, designers, and architects to push the boundaries of what is possible."
"Bayon","","Cambodia","Jayavarman VII; The Bayon; Theravada Buddhist; Khmer Empire; King Jayavarman; Angkor Thom","","Angkor","","Q654024","Khmer temple in Cambodia","The Bayon (Khmer: ប្រាសាទបាយ័ន, Prasat Bayoăn [praːsaːt baːjŏən];  BAI-on) is a richly decorated Theravada Buddhist temple of the Khmer Empire located at Angkor in Cambodia. Built in the late 12th or early 13th century as the state temple of King Jayavarman VII (Khmer: ព្រះបាទជ័យវរ្ម័នទី ៧), it stands at the centre of Jayavarman’s capital city, Angkor Thom (Khmer: អង្គរធំ). The Bayon reflects the strong Buddhist orientation of Jayavarman VII’s reign.","The Bayon art movement, situated within the grandeur of the Khmer Empire in Cambodia, is a testament to the region's rich cultural heritage. Emerging during the late 12th or early 13th century, this era marked a significant shift in the empire's religious and artistic inclinations. Under the patronage of King Jayavarman VII, the Bayon temple was constructed as the state temple, embodying the monarch's strong Theravada Buddhist convictions. This epochal art movement not only reflects the empire's architectural prowess but also its deeply ingrained spiritual practices. As a product of this historical context, the Bayon art movement is characterized by its distinct blend of Buddhist and Khmer aesthetics, making it a unique and fascinating area of study.

At the heart of the Bayon art movement lies the majestic temple of The Bayon, an intricately designed and ornate structure that showcases the empire's mastery of stone carving and sculpting techniques. The temple's facade is adorned with an array of bas-reliefs, depicting scenes from everyday life, mythology, and Buddhist scriptures. Key figures such as King Jayavarman VII played a pivotal role in shaping the movement's core techniques and aesthetics. The Bayon's design, with its numerous towers and imposing presence, is a testament to the engineering skills of the Khmer people. Moreover, the incorporation of Theravada Buddhist principles and motifs has contributed to the movement's distinct visual language, distinguishing it from other regional art forms. The Bayon's proximity to Angkor Thom, the capital city of Jayavarman's empire, further reinforces its significance as a cultural and artistic hub.

The Bayon art movement's lasting impact on the cultural landscape of Cambodia is undeniable. As a testament to the Khmer Empire's artistic and architectural heritage, the Bayon temple has inspired generations of artists, architects, and scholars. The movement's genealogical legacy can be seen in the numerous temples and monuments that have been constructed in its wake, each bearing the distinctive marks of Bayon's aesthetic and spiritual principles. Today, the Bayon stands as a revered cultural icon, attracting scholars and enthusiasts from around the world. Its influence extends beyond the realm of art and architecture, speaking to the enduring power of spiritual and cultural expression. As a window into the past, the Bayon art movement offers a profound understanding of the Khmer Empire's history, values, and artistic traditions, ensuring its continued relevance and significance in the academic and cultural discourse of our time."
"Bead and reel","","","","","","","Q1664278","beadlike decoration consisting of alternating round and cylindrical elements","Bead and reel is an architectural motif, usually found in sculptures, moldings and numismatics. It consists in a thin line where beadlike elements alternate with cylindrical ones. It is found throughout the modern Western world in architectural detail, particularly on Greek/Roman style buildings, wallpaper borders, and interior moulding design.","The Bead and Reel art movement is a fascinating architectural motif that has captivated the imagination of artists, architects, and designers across the globe. Emerging from the rich cultural heritage of ancient civilizations, this ornamental technique has evolved over time, leaving an indelible mark on the modern Western world. Historically, the Bead and Reel motif is rooted in the classical traditions of Greek and Roman architecture, where it was employed to adorn sculptures, moldings, and numismatics. The ethos of this movement lies in its ability to strike a balance between simplicity and elegance, creating a visual language that transcends cultural and temporal boundaries.

At its core, the Bead and Reel technique involves the creation of a thin line where beadlike elements alternate with cylindrical ones, resulting in a unique and captivating aesthetic. This harmonious arrangement of forms is a testament to the ingenuity and craftsmanship of the artists who have employed this motif throughout history. Although key figures associated with the Bead and Reel movement are not well-documented, its influence can be seen in the works of various architects, designers, and artists who have drawn inspiration from classical Greek and Roman styles. The aesthetics of Bead and Reel are characterized by a sense of rhythm and repetition, which creates a sense of visual tension and balance. This motif has been employed in a wide range of applications, from architectural details and interior molding designs to wallpaper borders and numismatic art.

The lasting impact of the Bead and Reel movement can be seen in its genealogical legacy, which continues to inspire artists, architects, and designers to this day. As a testament to its enduring appeal, this motif has been incorporated into various styles and movements, from neoclassicism to modernism. The Bead and Reel motif has also played a significant role in shaping the visual language of modern Western architecture, particularly in the design of Greek and Roman-style buildings. Its influence can be seen in the work of contemporary designers who continue to draw upon this rich cultural heritage, reinterpreting and reimagining the Bead and Reel motif in innovative and exciting ways. As a result, this movement remains an integral part of our cultural landscape, a reminder of the power of art and architecture to transcend time and space."
"Beaux-Arts architecture","","","","","historicist architecture","","Q1268134","19th century architectural style","Beaux-Arts architecture ( bohz AR, French: [boz‿aʁ] ) was the academic architectural style taught at the École des Beaux-Arts in Paris, particularly from the 1830s to the end of the 19th century. It drew upon the principles of French neoclassicism, but also incorporated Renaissance and Baroque elements, and used modern materials, such as iron and glass, and later, steel. It was an important style and enormous influence in Europe and the Americas through the end of the 19th century and into the 20th, particularly for institutional and public buildings.","The Beaux-Arts architecture movement, a quintessential manifestation of 19th century architectural innovation, has its historical origins rooted in the esteemed École des Beaux-Arts in Paris. Emerging during the 1830s, this academic style drew heavily from the principles of French neoclassicism, seamlessly integrating elements from the Renaissance and Baroque periods. As a result, Beaux-Arts architecture transcended the boundaries of traditional design, embracing the possibilities presented by modern materials such as iron, glass, and steel. This ethos of innovation and synthesis would come to define the movement, as it disseminated throughout Europe and the Americas, leaving an indelible mark on the architectural landscape of the 19th and 20th centuries.

At its core, Beaux-Arts architecture is characterized by a distinctive set of techniques and aesthetics. The use of grandiose proportions, sweeping arches, and ornate detailing created a sense of monumentalism, often in service of institutional and public buildings. Key figures such as Charles Garnier, Jacques-Ignace Hittorff, and Jean-Louis Pascal played a pivotal role in shaping the movement, as they pushed the boundaries of architectural expression. The incorporation of modern materials allowed for unprecedented levels of complexity and scale, as seen in the iconic buildings of the Paris Opera House and the New York Public Library. The Beaux-Arts style's emphasis on grandeur, symmetry, and classical motifs created a visual language that was at once imposing and beautiful, captivating the imagination of architects and patrons alike.

The lasting impact of Beaux-Arts architecture is a testament to the movement's enduring legacy. As a style, it has influenced generations of architects, from the early 20th century's eclectic mix of modernism and historicism to the present day's postmodern and neoclassical revivals. The genealogical legacy of Beaux-Arts can be seen in the works of architects such as Stanford White, who adapted the style for American audiences, and more recently, in the nostalgic nods to classicism found in contemporary architectural practice. As a cultural and historical phenomenon, Beaux-Arts architecture continues to inspire and inform, its grandeur and beauty a reminder of the power of human creativity and ingenuity. As such, it remains an essential part of our shared architectural heritage, a testament to the transformative potential of art and design to shape our built environment and our collective imagination."
"Beaux-Arts de Paris","1797","France","The Beaux; Arts de Paris; Paris Sciences; Lettres University; The Parisian","","","","Q273593","national school of fine arts in France","The Beaux-Arts de Paris (French: [boz‿aʁ də pari]), formally the École nationale supérieure des beaux-arts (French: [ekɔl nɑsjɔnal sypeʁjœʁ de boz‿aʁ]), is a French grande école whose primary mission is to provide high-level fine arts education and training. The art school, which is part of the Paris Sciences et Lettres University, is located on two sites: Saint-Germain-des-Prés in Paris, and Saint-Ouen. The Parisian institution is made up of a complex of buildings located at 14 rue Bonaparte, between the quai Malaquais and the rue Bonaparte.","The Beaux-Arts de Paris, formally known as the École nationale supérieure des beaux-arts, is a storied institution that has been a cornerstone of fine arts education in France since its inception in 1797. As a national school of fine arts, it has played a pivotal role in shaping the country's artistic landscape, fostering a community of innovators and creatives who have contributed significantly to the world of art. With its rich history and esteemed legacy, the Beaux-Arts de Paris has earned its place as a grande école, attracting talented individuals from across the globe. As part of the Paris Sciences et Lettres University, the institution is nestled in the heart of Paris, with two sites in Saint-Germain-des-Prés and Saint-Ouen, solidifying its position as a hub of artistic excellence.

At the core of the Beaux-Arts de Paris lies a rigorous emphasis on technique, aesthetics, and innovation. The institution's curriculum is designed to provide students with a comprehensive education in the fine arts, encompassing a range of disciplines, from painting and sculpture to architecture and printmaking. Key figures associated with the Beaux-Arts de Paris have included some of the most influential artists and thinkers of their time, who have helped shape the institution's pedagogical approach and artistic vision. The Parisian institution's commitment to excellence has resulted in the development of a distinctive aesthetic, characterized by a blend of classical and modern elements, which has had a profound impact on the development of modern art. The Beaux-Arts de Paris has also been associated with a number of notable artists and architects, who have gone on to make significant contributions to the world of art and design.

The Beaux-Arts de Paris has had a lasting impact on the world of art, with its influence extending far beyond the borders of France. The institution's emphasis on technical skill, creativity, and innovation has produced a generation of artists who have pushed the boundaries of their respective mediums, creating new and exciting works that continue to inspire and influence contemporary artists. As a testament to its enduring legacy, the Beaux-Arts de Paris remains a premier destination for art students and scholars, offering a unique and enriching environment that fosters artistic growth and development. The institution's genealogical legacy can be seen in the many artists, architects, and designers who have passed through its doors, leaving an indelible mark on the world of art and design. Today, the Beaux-Arts de Paris continues to thrive, remaining a vital and dynamic force in the world of fine arts, and a powerful symbol of France's rich cultural heritage."
"Belarusian icon-painting school of the 16th–18th centuries","","","Byzantine Empire; Old Russian; New Time; Western European","","","","Q124424735","Icon-painting school","Belarusian icon-painting school of the 16th–18th centuries (Russian: Белорусская иконописная школа XVI—XVIII веков) is a school of icon painting that was formed under the influence of the Renaissance and based on the traditions of the Byzantine Empire and Old Russian art. The process of its formation and development lasted for several centuries. The school developed on the basis of Byzantine traditions, absorbing in the New Time the features of Western European art — the Renaissance (14th–16th centuries), Baroque (late 16th–18th centuries), Classicism (second half of the 18th century).","The Belarusian icon-painting school of the 16th-18th centuries is a distinct and fascinating art movement that warrants scholarly attention. Emerging in a region that was once a crossroads of cultural exchange between the Byzantine Empire, Old Russia, and Western Europe, this school of icon painting is a testament to the complex and dynamic historical context in which it flourished. The ethos of this movement is rooted in the synthesis of traditional Byzantine techniques with the innovative spirit of the Renaissance, resulting in a unique aesthetic that reflects the cultural and artistic currents of its time. Historically, the Belarusian icon-painting school developed over several centuries, with its origins tracing back to the medieval period when Belarus was part of the Grand Duchy of Lithuania and the Polish-Lithuanian Commonwealth.

The core techniques and aesthetics of the Belarusian icon-painting school are characterized by a blend of Byzantine and Western European influences. Key figures associated with this movement, although not individually identified, were likely influenced by the artistic traditions of the Byzantine Empire, Old Russia, and Western Europe. The school's icon painters employed a range of techniques, including tempera and gold leaf, to create intricate and visually stunning works of art. The aesthetic of these icons is marked by a sense of grandeur and drama, with bold lines, vibrant colors, and elaborate compositions. As the school developed, it absorbed the features of Western European art, including the Renaissance and Baroque styles, which introduced new levels of realism, emotional intensity, and ornateness to the traditional Byzantine iconographic repertoire. The resulting icons are a testament to the creative synthesis of different artistic traditions, yielding a distinctive style that is both rooted in tradition and innovative in its expression.

The Belarusian icon-painting school of the 16th-18th centuries has had a lasting impact on the development of Eastern European art and culture. Its genealogical legacy can be seen in the numerous icons and artworks that continue to inspire artists, art historians, and enthusiasts today. The school's unique blend of Byzantine and Western European influences has contributed to the rich cultural heritage of Belarus and the surrounding region, influencing the development of subsequent art movements and styles. Moreover, the study of this school provides valuable insights into the complex cultural and artistic exchanges that have shaped the history of Eastern Europe, highlighting the region's role as a crossroads of creative and intellectual currents. As such, the Belarusian icon-painting school remains an important area of scholarly inquiry, offering a fascinating case study of artistic innovation, cultural exchange, and the enduring power of traditional techniques and aesthetic values."
"Bengal School of Art","","","The Bengal School; Bengal School; British Raj; Abanindranath Tagore; Government College","","","","Q948504","an art movement and a style of Indian painting in the early 20th century","The Bengal School of Art, commonly referred as Bengal School, was an art movement and a style of Indian painting that originated in Bengal, primarily Calcutta and Shantiniketan, and flourished throughout the Indian subcontinent, during the British Raj in the early 20th century. Also known as 'Indian style of painting' in its early days, it was associated with Indian nationalism (swadeshi) and led by Abanindranath Tagore (1871–1951), and was also being promoted and supported by British arts administrators like E. B. Havell, the principal of the Government College of Art and Craft, Kolkata from 1896; eventually it led to the development of the modern Indian painting.","The Bengal School of Art, an eponymous movement that encapsulates the essence of Indian painting in the early 20th century, originated during the British Raj, a period marked by colonial dominance and cultural subjugation. This historical context is pivotal in understanding the ethos of the Bengal School, which sought to revitalize and reclaim India's rich cultural heritage through art. The movement emerged as a response to the Western aesthetic imperialism that had permeated the Indian art scene, with the aim of promoting a distinctly Indian style that drew inspiration from the country's ancient traditions and mythology. The Government College of Art and Craft in Kolkata, under the principalship of E.B. Havell, played a significant role in nurturing this movement, providing a platform for artists to experiment and innovate.

At its core, the Bengal School of Art was characterized by a unique blend of traditional Indian motifs, techniques, and aesthetics, combined with a modernist sensibility. Abanindranath Tagore, a key figure in the movement, was instrumental in shaping its direction and style. His emphasis on Indian nationalism (swadeshi) and his efforts to promote indigenous art forms helped to galvanize the movement, which was marked by a distinctive style that was both nostalgic and innovative. The Bengal School's aesthetic was characterized by the use of muted colors, delicate lines, and intricate patterns, which were often inspired by Indian mythology and folklore. Other notable artists associated with the movement, such as Nandalal Bose and Rabindranath Tagore, also made significant contributions to its development, experimenting with new techniques and mediums that blended traditional and modern elements.

The Bengal School of Art has had a lasting impact on the development of modern Indian painting, paving the way for subsequent art movements and inspiring generations of artists. The movement's emphasis on Indian nationalism and its efforts to promote indigenous art forms helped to lay the foundations for a distinctly Indian modernity, one that was rooted in the country's rich cultural heritage. Today, the Bengal School of Art is recognized as a pioneering movement that played a significant role in shaping the course of Indian art history, and its legacy can be seen in the work of numerous artists who have been inspired by its aesthetic and ethos. As a testament to its enduring influence, the Bengal School of Art continues to be celebrated and studied by art historians and enthusiasts around the world, its contribution to the development of modern Indian art remaining unparalleled and profound."
"Bhavani Jamakkalam","","","Bhavani Jamakkalam; Tamil Nadu","","","","Q22300656","Type of blankets and carpets","Bhavani Jamakkalam refers to blankets and carpets manufactured in Bhavani in Erode district, Tamil Nadu. It has been recognized as a Geographical indication by the Government of India in 2005–06.","The art movement of Bhavani Jamakkalam is a testament to the rich cultural heritage of India, particularly in the state of Tamil Nadu. This traditional craft, which originated in the Erode district, has been a significant part of the region's identity for centuries. The term ""Bhavani Jamakkalam"" refers to the exquisite blankets and carpets manufactured in this area, which have been recognized as a Geographical indication by the Government of India in 2005-06. The historical origin of this art form is deeply rooted in the local traditions and customs, with the town of Bhavani being a major hub for textile production. The ethos of Bhavani Jamakkalam is centered around the preservation of traditional techniques, the use of natural materials, and the creation of unique, handmade products that reflect the region's aesthetic sensibilities.

At the core of Bhavani Jamakkalam are the skilled artisans who have perfected the techniques of weaving and dyeing over generations. The key figures associated with this art movement are the local weavers and craftsmen who have passed down their knowledge and expertise from one generation to the next. The aesthetics of Bhavani Jamakkalam are characterized by the use of vibrant colors, intricate patterns, and traditional motifs that are woven into the fabric of the blankets and carpets. The core techniques involved in this craft include the use of natural dyes, hand-spinning of yarn, and the employment of traditional looms. The resulting products are not only visually stunning but also possess a unique texture and quality that is unmatched by machine-made textiles. The key figures associated with Bhavani Jamakkalam, including the local artisans and craftsmen, have played a crucial role in preserving this traditional craft and promoting it as a significant part of India's cultural heritage.

The lasting impact of Bhavani Jamakkalam on the world of textile art is undeniable. This traditional craft has not only been recognized as a Geographical indication but has also been instrumental in promoting the cultural and economic development of the region. The genealogical legacy of Bhavani Jamakkalam can be seen in the numerous artisans and craftsmen who continue to practice this traditional craft, passing down their skills and knowledge to the next generation. The recognition of Bhavani Jamakkalam as a significant art movement has also led to a renewed interest in traditional Indian textiles, with many contemporary designers and artists drawing inspiration from this rich cultural heritage. As a result, Bhavani Jamakkalam continues to thrive, with its unique blankets and carpets being sought after by connoisseurs and collectors from around the world. The legacy of this art movement serves as a testament to the enduring power of traditional craftsmanship and the importance of preserving cultural heritage for future generations."
"Bingata","","Japan","Okinawa Prefecture","a busy pattern of repeating nature motifs such as fish, flowers and fauna in a number of bright colours","Ryūsō; resist dyeing","","Q4914169","Okinawan traditional resist dyed cloth, made using stencils and other methods","Bingata (Okinawan: 紅型) is a traditional stencilled resist dyeing technique originating in Okinawa Prefecture. Bingata typically features a busy pattern of repeating nature motifs such as fish, flowers and fauna in a number of bright colours. Bingata is worn during traditional Ryukyuan festivals and traditional arts performances.","The art movement of Bingata, originating in the Okinawa Prefecture of Japan, is a testament to the region's rich cultural heritage and traditional craftsmanship. With its roots tracing back to the Ryukyu Kingdom era, Bingata has evolved over the centuries, influenced by the unique blend of Japanese, Chinese, and indigenous Okinawan artistic traditions. This traditional stencil resist dyeing technique has been a cornerstone of Okinawan textile art, with its vibrant and intricate designs captivating the imagination of artists, scholars, and enthusiasts alike. As a cultural practice, Bingata embodies the ethos of community, creativity, and perseverance, reflecting the Okinawan people's strong sense of identity and their enduring connection to their ancestral homeland.

At the core of Bingata lies a complex interplay of techniques, aesthetics, and cultural symbolism. The process of creating Bingata involves the use of stencils, known as ""katagami,"" to apply resist dye to the fabric, which is then dyed in a array of bright, bold colors. The resulting patterns feature a diverse array of motifs, including fish, flowers, and fauna, which are carefully arranged to create a sense of harmony and balance. The Okinawa Prefecture, as the birthplace and epicenter of Bingata, has been instrumental in preserving and promoting this traditional art form, with local artisans and craftsmen continuing to innovate and push the boundaries of this ancient technique. The key figures behind Bingata are the skilled artisans and craftsmen of Okinawa, who have dedicated their lives to mastering the intricacies of this complex and labor-intensive process, ensuring the continued vitality and relevance of this unique art movement.

The lasting impact of Bingata on the cultural landscape of Japan and beyond is a testament to the power of traditional art forms to transcend time and borders. As a symbol of Okinawan identity and cultural heritage, Bingata continues to play an integral role in traditional festivals and arts performances, connecting communities across generations and geographies. The genealogical legacy of Bingata can be seen in its influence on contemporary textile art, fashion, and design, with its vibrant patterns and motifs inspiring new generations of artists and designers. As a cultural practice, Bingata reminds us of the importance of preserving traditional knowledge and skills, while also embracing innovation and creativity, ensuring the continued relevance and vitality of this unique and captivating art form. Through its enduring presence, Bingata serves as a powerful reminder of the Okinawan people's rich cultural heritage and their ongoing contributions to the world of art and culture."
"Birch-bark roof","","","","","roof","","Q4915635","type of roof","A birch-bark roof (in Finnish: malkakatto or tuohikatto) is a roof construction traditional in Finland and Norway for farmhouses and farm buildings built from logs. The birch-bark roof was the prevailing roof type in rural Finland up until the 1860s, when it was replaced by the use of other materials such as metal sheeting and later roofing felt. The tradition of birch-bark roofs has been revived in recent years as a craft in connection with the restoration of old farm buildings that have been converted into open-air museums.","The art movement of birch-bark roofing, a traditional practice hailing from Finland and Norway, has been a testament to the ingenuity and craftsmanship of rural communities in these regions. Emerging as a prevailing roof type in rural Finland up until the 1860s, this unique technique has a rich historical origin that dates back to the early days of log-built farmhouses and farm buildings. The use of birch bark as a roofing material was not only a practical solution but also an aesthetic choice, reflecting the resourcefulness and adaptability of the communities that employed it. As a scholarly pursuit, it is essential to acknowledge the ethos of this traditional practice, which emphasizes the importance of local materials, manual labor, and environmental sustainability.

At its core, the birch-bark roof is a masterclass in traditional craftsmanship, requiring a deep understanding of the properties of birch bark and the techniques involved in its application. The process of creating a birch-bark roof involves stripping the bark from birch trees, typically in the summer months when the bark is easiest to remove, and then layering it on top of a wooden framework to create a waterproof seal. While there may not be specific key figures associated with this movement, the collective knowledge and skills passed down through generations of rural craftsmen have played a significant role in shaping the aesthetics and techniques of birch-bark roofing. The resulting roofs are not only functional but also visually striking, with the layered birch bark creating a distinctive texture and pattern that adds to the charm of traditional farm buildings.

The birch-bark roof has had a lasting impact on the cultural and architectural heritage of Finland and Norway, with its legacy extending beyond its practical applications. In recent years, there has been a revival of interest in this traditional craft, driven in part by the restoration of old farm buildings and the desire to preserve cultural heritage. As a result, the art of birch-bark roofing has become an integral part of the region's genealogical legacy, with many contemporary craftsmen and women drawing inspiration from this traditional practice. The continued relevance and appeal of birch-bark roofing serve as a testament to the enduring power of traditional craftsmanship and the importance of preserving cultural heritage for future generations. As a scholarly pursuit, the study of birch-bark roofing offers a unique window into the history and culture of rural communities in Finland and Norway, highlighting the significance of local materials, traditional techniques, and environmental sustainability."
"Black Arts Movement","","","The Black Arts; Harlem Renaissance","","","","Q4920294","African American–led art movement, active between the 1960s and 1970s","The Black Arts Movement (BAM) was an African-American-led art movement that was active during the 1960s and 1970s. Through activism and art, BAM created new cultural institutions and conveyed a message of black pride. The movement expanded from the accomplishments of artists of the Harlem Renaissance.","The Black Arts Movement, a pivotal African American-led art movement, emerged during the 1960s and 1970s, leveraging activism and art to foster a sense of black pride and create novel cultural institutions. This era marked a significant shift in the trajectory of African American artistic expression, as it built upon the foundations laid by the Harlem Renaissance. The Black Arts Movement was characterized by its unapologetic expression of black identity, which was deeply rooted in the social and political climate of the time. As a scholarly discourse, it is essential to understand the historical origin of this movement, which was intricately tied to the Civil Rights Movement and the struggles faced by African Americans during this period. By examining the ethos of the Black Arts Movement, we can gain a deeper understanding of the ways in which art and activism intersected to convey a powerful message of self-empowerment and community building.

At its core, the Black Arts Movement was defined by its innovative techniques, aesthetics, and key figures. Artists such as Amiri Baraka, Sonia Sanchez, and Haki Madhubuti played a crucial role in shaping the movement's narrative, often incorporating elements of jazz, poetry, and theater into their work. The movement's aesthetic was marked by a distinct blend of African and African American cultural influences, which were used to convey a sense of black pride and solidarity. The Black Arts Movement also drew inspiration from the Harlem Renaissance, a cultural phenomenon that had taken place several decades earlier. Key figures from this era, such as Langston Hughes and Zora Neale Hurston, had paved the way for the Black Arts Movement, which expanded upon their accomplishments and created new opportunities for African American artists to express themselves. By exploring the core techniques and aesthetics of the Black Arts Movement, we can gain a deeper understanding of the ways in which art was used as a tool for social change and community empowerment.

The Black Arts Movement has had a lasting impact on the art world, with its genealogical legacy continuing to influence contemporary artistic expressions. The movement's emphasis on community building, self-empowerment, and social justice has inspired generations of artists, activists, and scholars. Today, the Black Arts Movement is recognized as a pivotal moment in the history of African American art, marking a significant shift towards a more nuanced and complex representation of black identity. As we reflect on the movement's enduring impact, it is clear that its influence extends far beyond the realm of art, speaking to broader issues of social justice, activism, and community empowerment. By examining the Black Arts Movement through a scholarly lens, we can gain a deeper understanding of the ways in which art and activism intersect, and the ways in which this movement continues to shape our understanding of African American culture and identity. The movement's legacy serves as a powerful reminder of the transformative power of art to inspire social change and promote a more just and equitable society."
"Black Paintings (Stella)","1950","","Frank Stella; The Black Paintings","","Minimalism","","Q126094950","painting series by Frank Stella","The Black Paintings are a series of 24 minimalism related works executed by the painter and sculptor Frank Stella (1936–2024) in the late 1950s and 1960 in what is seen as being a response to abstract expressionism.  The series was executed between 1958 and 1960.  Some consider the works to be examples of minimalism and others one of the precursors of that movement in the visual arts.","The art movement of Black Paintings, spearheaded by the visionary Frank Stella, emerged in the late 1950s as a paradigmatic response to the dominant abstract expressionism of the time. This era, marked by an overwhelming emphasis on emotional intensity and personal expression, witnessed a seismic shift with the introduction of Stella's seminal series. Executed between 1958 and 1960, the Black Paintings constituted a corpus of 24 works that would come to redefine the visual landscape of modern art. As a scholar, it is essential to acknowledge the historical context in which this movement unfolded, characterized by a pervasive sense of disillusionment with the gestural excesses of abstract expressionism. The Black Paintings, in this sense, represented a deliberate attempt to recalibrate the artistic discourse, privileging instead a rigorously minimalist aesthetic that would pave the way for future innovations.

At the core of the Black Paintings lies a distinctive technique and aesthetic that eschews the expressive bravura of abstract expressionism in favor of a more austere, geometric idiom. Frank Stella's pioneering work in this series is distinguished by its use of black enamel paint, applied in thin, uniform stripes to create a sense of rhythmic tension and spatial ambiguity. This innovative approach, which Stella himself described as a means of ""getting the painting off the wall,"" effectively collapsed the distinction between figure and ground, generating a sense of visual paradox that would become a hallmark of minimalist art. As a key figure in this movement, Stella's work was instrumental in shaping the trajectory of modern art, influencing a generation of artists who would follow in his footsteps. The Black Paintings, in particular, have been hailed as a seminal achievement, one that anticipates the ascendance of minimalism as a dominant force in the visual arts.

The lasting impact of the Black Paintings on the development of modern art cannot be overstated. As a movement, it has bequeathed a genealogical legacy that continues to inform contemporary artistic practice, from the monochromatic expanses of Robert Ryman to the geometric abstractions of Brice Marden. The Black Paintings, in particular, have come to be regarded as a touchstone of minimalist art, their innovative use of material and spatial relationships influencing a wide range of artistic mediums, from painting and sculpture to installation and architecture. As such, Frank Stella's groundbreaking series remains an indispensable reference point for scholars and artists alike, a testament to the enduring power of innovation and experimentation in the visual arts. The Black Paintings, in this sense, constitute a pivotal moment in the history of modern art, one that continues to resonate with artists, curators, and audiences today, offering a nuanced and complex understanding of the minimalist aesthetic and its enduring influence on contemporary art."
"Black-and-white Revival architecture","","United Kingdom","The Black; Tudor Revival","","","","Q4920064","the 19th century revival of vernacular architecture","The Black-and-white Revival was a mid-19th-century architectural movement that revived historical vernacular elements with timber framing. The wooden framing is painted black and the panels between the frames are painted white. The style was part of a wider Tudor Revival in 19th-century architecture.","The Black-and-white Revival architecture movement, which emerged in the United Kingdom during the mid-19th century, marked a significant turning point in the country's architectural heritage. This era witnessed a renewed interest in historical vernacular elements, resulting in the creation of buildings that not only paid homage to the past but also redefined the aesthetic landscape of the region. The Black-and-white Revival was part of a broader architectural trend, one that sought to revive and reinterpret the traditional styles of the past, particularly those of the Tudor period. As an architectural movement, it was characterized by a distinctive visual vocabulary, one that drew heavily from the half-timbered buildings of medieval England, with their characteristic black and white color scheme.

At its core, the Black-and-white Revival was centered on the revival of traditional building techniques, particularly the use of timber framing. Key figures associated with this movement, such as architects who worked in the style of the Tudor Revival, played a crucial role in popularizing this aesthetic. The use of black-painted wooden frames and white-painted panels between them became a hallmark of the style, lending buildings a distinctive and picturesque appearance. The resulting structures were not only visually striking but also evocative of a bygone era, one that was deeply rooted in English cultural heritage. The Black-and-white Revival's focus on vernacular elements and traditional building methods also reflected a broader cultural nostalgia for the pre-industrial past, a sentiment that permeated many aspects of 19th-century life in the United Kingdom.

The lasting impact of the Black-and-white Revival on the architectural landscape of the United Kingdom cannot be overstated. This movement not only contributed to the preservation and promotion of traditional building techniques but also helped to shape the aesthetic identity of the region. The genealogical legacy of the Black-and-white Revival can be seen in the many buildings that continue to dot the English countryside, their black and white facades a testament to the enduring appeal of this style. Moreover, the movement's influence can be detected in later architectural trends, including the Arts and Crafts movement, which shared a similar emphasis on traditional craftsmanship and vernacular elements. As such, the Black-and-white Revival remains an important chapter in the history of British architecture, one that continues to inspire architects, conservationists, and enthusiasts to this day."
"Blackletter","1050","","Adolf Hitler","","DIN 16518; script style; typeface","","Q213686","old script typeface used throughout Western Europe","Blackletter (also black letter or sometimes black-letter; sometimes popularly known as Gothic minuscule or Gothic type) was originally a medieval book hand (Textualis or Textura) of the Gothic family of scripts, later adapted into typefaces and still used in modern calligraphy and typesetting. The book script was used throughout Western Europe from approximately the late 12th until the 17th century. It continued to be commonly used for Danish, Norwegian, and Swedish until the 1870s, Finnish until the turn of the 20th century, Estonian and Latvian until the 1930s, and for the German language until the 1940s, when Adolf Hitler officially banned it in 1941.","The Blackletter art movement, which emerged in the mid-11th century, specifically around 1050, is a testament to the enduring power of calligraphy and typography in shaping the visual identity of Western Europe. As a medieval book hand, Blackletter originated from the Gothic family of scripts, which were meticulously crafted by scribes to adorn manuscripts and literary works. The term ""Blackletter"" itself is a nod to the dark, elegant, and mystical quality of these script types, which would later influence the development of modern typography. With its roots in the High Middle Ages, Blackletter has evolved into a distinctive visual language, weaving together the cultural, artistic, and historical threads of a bygone era.

At its core, Blackletter is characterized by its unique blend of angular lines, flourishes, and ornate letterforms, which were often executed with remarkable precision and flair. The aesthetic of Blackletter is unmistakable, with its dramatic contrasts of light and dark, thick and thin, creating a visual rhythm that is both haunting and beautiful. While Blackletter was not exclusively associated with a particular region, its influence was widespread, with notable examples found in various parts of Western Europe. Although Adolf Hitler, in a bid to promote a more modern and streamlined aesthetic, officially banned the use of Blackletter in 1941, the movement's legacy extends far beyond the realm of Nazi ideology. In fact, Blackletter's impact can be seen in the work of numerous artists, designers, and calligraphers who have drawn inspiration from its timeless and expressive forms.

The lasting impact of Blackletter is a testament to the movement's profound influence on the evolution of Western typography and visual culture. As a script typeface, Blackletter has undergone numerous transformations and reinterpretations, from its medieval origins to its modern adaptations in digital design. Its genealogical legacy can be seen in the many typefaces and fonts that have borrowed from its distinctive letterforms and flourishes, ensuring that the spirit of Blackletter continues to inspire and inform contemporary artistic expression. As a cultural and historical artifact, Blackletter remains an essential part of our shared visual heritage, a reminder of the enduring power of art and design to shape our perceptions and understanding of the world around us."
"Blobitecture","","","William Safire; On Language; New York Times","","","","Q884574","movement in architecture in which buildings have an organic, amoeba-shaped, building form","Blobitecture (from blob architecture), blobism and blobismus are terms for a movement in architecture in which buildings have an organic, amoeba-shaped building form. Though the term blob architecture was already in vogue in the mid-1990s, the word blobitecture first appeared in print in 2002, in William Safire's ""On Language"" column in the New York Times Magazine. Though intended in the Safire article to have a derogatory meaning, the word stuck and is often used to describe buildings with curved and rounded shapes.","The art movement of Blobitecture, a term coined by William Safire in his 2002 ""On Language"" column in the New York Times Magazine, refers to a distinct style in architecture characterized by organic, amoeba-shaped building forms. This movement, though lacking a specific geographical region or era or period of origin, has its roots in the mid-1990s when the term ""blob architecture"" first emerged. The use of the term ""blob"" was initially intended to be derogatory, implying a lack of structure or coherence in the design of buildings. However, the term has since been adopted by architects and scholars as a way to describe the unique aesthetic of curved and rounded shapes that define this movement. As a result, Blobitecture has become a recognized and respected style in the field of architecture, with a distinct ethos that prioritizes creativity and innovation over traditional notions of form and function.

At its core, Blobitecture is characterized by the use of advanced computer-aided design (CAD) software and algorithms to create complex, curved shapes that defy traditional notions of architecture. This approach allows architects to push the boundaries of what is possible in building design, creating structures that are both functional and visually striking. Key figures in the movement, such as those influenced by Safire's column, have experimented with new materials and techniques to bring these unique designs to life. The resulting buildings are often described as futuristic, avant-garde, and even surreal, with shapes that seem to flow and curve in unexpected ways. The aesthetics of Blobitecture are thus defined by a sense of fluidity and adaptability, as if the buildings themselves were alive and in motion. Through the work of these innovators, the movement has continued to evolve and expand, incorporating new technologies and ideas into its distinctive style.

The lasting impact of Blobitecture can be seen in the many buildings and structures that have been designed in this style, from museums and concert halls to office buildings and residences. The movement's emphasis on creativity and innovation has inspired a new generation of architects to think outside the box and push the boundaries of what is possible in building design. Moreover, the use of advanced technologies and materials has paved the way for more sustainable and efficient buildings, with curved shapes and organic forms that can reduce energy consumption and improve environmental performance. As a result, Blobitecture has left a lasting legacy in the field of architecture, one that continues to shape and inspire the built environment in ways both functional and aesthetically pleasing. The movement's influence can be seen in the many buildings and structures that have adopted its distinctive style, a testament to the power of innovative design and creative thinking in shaping the world around us."
"Blok (avant-garde group)","","Poland","Katarzyna Kobro; Henryk Berlewi","","","","Q9174448","Polish avant-garde artist collective","Blok of Cubists, Suprematists, and Constructivists a.k.a. Blok (Polish: Blok Kubistów, Suprematystów i Konstruktywistów) was a Polish avant-garde artist collective active in the years 1924–1926 and founded by Władysław Strzemiński, Katarzyna Kobro, Henryk Berlewi, Henryk Stażewski and Mieczysław Szczuka, amongst others. Blok was a precursor to Praesens (1926–1930) and a.r.","The Blok movement, a Polish avant-garde artist collective, emerged in the early 20th century, specifically between 1924 and 1926. This pivotal era in Polish art history was marked by a convergence of innovative minds, including Katarzyna Kobro and Henryk Berlewi, who sought to disrupt traditional aesthetic norms. Founded by Władysław Strzemiński, among others, Blok was an embryonic entity that would eventually give rise to subsequent movements, such as Praesens and a.r. The ethos of Blok was rooted in an unyielding pursuit of artistic experimentation, unencumbered by the constraints of conventional representation. As a precursor to a more radical and innovative art scene, Blok's historical origin is intricately tied to the tumultuous cultural landscape of interwar Poland.

At its core, the Blok movement was characterized by an eclectic amalgam of techniques and aesthetics, drawing from Cubism, Suprematism, and Constructivism. Katarzyna Kobro, a pioneering sculptor, and Henryk Berlewi, a versatile artist and writer, were two key figures who exemplified the movement's pluralistic spirit. Kobro's revolutionary spatial compositions and Berlewi's pioneering work in photomontage and typography epitomized the movement's penchant for pushing boundaries. The collective's artistic output was marked by a fascination with geometric forms, abstracted shapes, and a pronounced emphasis on the materiality of art. Through their work, Blok artists sought to redefine the relationship between art, space, and the viewer, cultivating a unique visual language that was at once futuristic and intellectually charged.

The lasting impact of the Blok movement can be discerned in its genealogical legacy, which extends far beyond the movement's brief existence. As a harbinger of subsequent avant-garde movements, Blok's innovative spirit and artistic experimentation paved the way for a more radical and innovative art scene in Poland. The movement's emphasis on abstraction, geometric forms, and the exploration of new materials and techniques influenced a generation of artists, including those associated with Praesens and a.r. Moreover, the collective's commitment to artistic experimentation and innovation has continued to inspire artists, designers, and architects to this day, ensuring that the Blok movement remains an essential chapter in the narrative of modern and contemporary art. As a testament to the enduring power of avant-garde art, the Blok movement's influence can be seen in various aspects of modern visual culture, from architecture to graphic design, cementing its place as a pivotal moment in the evolution of modern art."
"Blotter art","","","","","psychedelic art; folk art","","Q11961631","art form on the medium of LSD blotter paper","Blotter art is an art form printed on perforated sheets of absorbent blotting paper infused with liquid LSD. The delivery method gained popularity following the banning of the hallucinogen LSD in the late 1960s. The use of graphics on blotter sheets originated as an underground art form in the early 1970s, sometimes to help identify the dosage, maker, or batch of LSD.  Images may be of various sizes but sheets are often 7.5-inch (190 mm)-square and perforated into a 30 by 30 grid. Individual pieces, separated along the perforations, were sold as ""hits"", with a carefully calculated dosage in micrograms, so users could plan the intensity of their ""trip"".","The art movement of Blotter art, an enigmatic and psychedelic phenomenon, emerged as a distinctive form of artistic expression in the early 1970s. Born out of the necessity to identify and distribute liquid LSD, this art form found its medium on perforated sheets of absorbent blotting paper infused with the hallucinogen. The genesis of Blotter art can be traced back to the banning of LSD in the late 1960s, which led to the development of novel methods for its distribution and consumption. As an underground art form, Blotter art was initially driven by the need for discreet and coded communication among users, eventually evolving into a sophisticated and vibrant visual culture. The historical context of this movement is marked by the intersection of countercultural ideology, psychedelic experimentation, and the quest for new modes of artistic expression.

At its core, Blotter art is characterized by its unique blend of graphic design, psychedelia, and conceptualism. The core techniques employed by Blotter artists involve the use of vibrant colors, intricate patterns, and often, humorous or ironic imagery. The aesthetics of Blotter art are marked by a distinctively playful and subversive spirit, reflecting the rebellious and nonconformist ethos of the countercultural movement. While the anonymity of the art form has precluded the identification of specific key figures, the collective output of Blotter artists has yielded a diverse and captivating array of visual motifs, from fantastical creatures to abstract geometries. The use of perforated sheets, often divided into a 30 by 30 grid, allowed for the creation of individual ""hits"" with carefully calibrated dosages, further underscoring the intersection of art, science, and psychedelia.

The lasting impact of Blotter art on the broader cultural landscape is a testament to the innovative and subversive spirit of this enigmatic movement. As a genealogical precursor to subsequent forms of psychedelic and digital art, Blotter art has influenced a wide range of artistic practices, from graphic design to electronic music visuals. The legacy of Blotter art can be seen in the work of contemporary artists who continue to push the boundaries of psychedelic and conceptual art. Moreover, the movement's emphasis on collaboration, experimentation, and creative repurposing of materials has inspired new generations of artists, designers, and musicians. As a distinctive and fascinating chapter in the history of art, Blotter art remains a powerful reminder of the capacity for artistic innovation to emerge in the most unexpected and unconventional of contexts."
"Bokujinkai","1652","Japan","Morita Shiryu; Inoue Yūichi; Sōgen Eguchi; Yoshimichi Sekiya; Nakamura Bokushi; Bokushi Nakamura","","","","Q106611409","Japanese Calligraphy Group","Bokujinkai (墨人会, “People of the Ink,” est. 1952) is a Japanese calligraphy collective, research group, and exhibition society. It was founded by the calligraphers Shiryū Morita, Yūichi Inoue, Sōgen Eguchi, Yoshimichi Sekiya, and Bokushi Nakamura.","The Bokujinkai movement, which translates to ""People of the Ink,"" marks a significant era in the evolution of Japanese calligraphy, dating back to its establishment in 1952. This collective of visionary calligraphers sought to redefine the boundaries of traditional Japanese calligraphy, injecting a sense of modernity and innovation into this ancient art form. The ethos of Bokujinkai is rooted in the pursuit of artistic expression, where the brush dances with ink, creating an intricate harmony of lines, shapes, and energies. The historical origin of this movement is deeply intertwined with the cultural and artistic landscape of post-war Japan, where artists were actively seeking new modes of self-expression and creative exploration.

At the core of Bokujinkai lies a profound exploration of techniques, aesthetics, and philosophical underpinnings. The collective's key figures, including Morita Shiryu, Inoue Yūichi, Sōgen Eguchi, Yoshimichi Sekiya, and Nakamura Bokushi, brought their unique perspectives and skills to the table, shaping the movement's distinctive style. Their calligraphic works often featured bold, expressive brushstrokes, innovative compositions, and a deep understanding of the material properties of ink and paper. The aesthetics of Bokujinkai calligraphy are characterized by a blend of traditional and modern elements, with an emphasis on spontaneity, intuition, and emotional expression. The collective's research and exhibition activities further facilitated the exchange of ideas and the dissemination of their artistic vision, both within Japan and internationally.

The lasting impact of Bokujinkai on the world of Japanese calligraphy and beyond is undeniable. As a pioneering movement, it has inspired generations of calligraphers, artists, and scholars, leaving an indelible mark on the genealogical legacy of Japanese art. The collective's innovative approach to traditional techniques and their emphasis on creative experimentation have paved the way for new forms of artistic expression, transcending the boundaries of calligraphy and influencing various fields, from visual arts to literature and design. Today, Bokujinkai's contributions continue to resonate, as their works remain a testament to the power of artistic collaboration, innovation, and the enduring spirit of Japanese calligraphy. As a cultural and artistic phenomenon, Bokujinkai's significance extends far beyond its historical context, speaking to the universal language of art and the human experience."
"Bombay Progressive Artists' Group","1947","India","The Progressive Artists","","","","Q4940574","group of modern artists based in Bombay","The Progressive Artists' Group (PAG), was a group of modern artists, mainly based in Bombay, from its formation in 1947. Though it lacked any particular style, there might be said to have been a move towards a synthesis of influences from Indian art history together with styles prevalent in Europe and North America during the first half of the 20th century, including Post-Impressionism, Cubism and Expressionism.","The inception of the Bombay Progressive Artists' Group in 1947 marked a pivotal moment in the trajectory of modern Indian art. This era, characterized by the country's struggle for independence, fostered a fertile ground for artistic innovation and experimentation. The Progressive Artists' Group, comprising a coterie of visionary artists, sought to redefine the paradigm of Indian art, thereby establishing a distinct identity that was both rooted in tradition and open to international influences. The ethos of this collective was underscored by a commitment to modernity, innovation, and intellectual curiosity, which enabled them to navigate the complexities of a rapidly changing world. As India embarked on its journey as a newly independent nation, the Progressive Artists' Group played a significant role in shaping the country's cultural landscape, laying the groundwork for a rich and diverse artistic heritage.

The core techniques and aesthetics of the Progressive Artists' Group were characterized by a synthesis of diverse influences, including Post-Impressionism, Cubism, and Expressionism. Key figures such as M.F. Husain, F.N. Souza, and S.H. Raza, among others, contributed to the group's eclectic and dynamic oeuvre. Their works often blended traditional Indian motifs with modernist sensibilities, resulting in a unique visual language that was both innovative and thought-provoking. The group's artistic expression was marked by a bold and vibrant color palette, distorted forms, and a deep sense of emotional intensity. Through their art, the Progressive Artists' Group sought to engage with the complexities of modern life, exploring themes such as urbanization, social change, and the human condition. The collective's artistic endeavors were not limited to visual art alone; they also sought to challenge societal norms and conventions, fostering a culture of intellectual and artistic freedom.

The lasting impact of the Bombay Progressive Artists' Group on Indian modernism is undeniable. Their pioneering efforts paved the way for subsequent generations of artists, who continued to push the boundaries of innovation and experimentation. The group's genealogical legacy can be seen in the works of numerous artists who have followed in their footsteps, exploring new mediums, themes, and techniques. Today, the Progressive Artists' Group is recognized as a seminal force in the development of Indian modern art, their contributions acknowledged and celebrated globally. As a testament to their enduring influence, their artworks continue to inspire and provoke, offering a powerful reminder of the transformative power of art to shape our understanding of the world and our place within it. The legacy of the Progressive Artists' Group serves as a enduring tribute to the visionary spirit of its members, who dared to challenge convention and forge a new path, leaving an indelible mark on the history of Indian art."
"Bored Ape","","","Bored Ape Yacht; Bored Apes; Bored Ape; Yuga Labs","profile pictures of cartoon apes that are procedurally generated by an algorithm","","","Q110904215","NFT collection on the Ethereum blockchain","Bored Ape Yacht Club (BAYC), often colloquially called Bored Apes or Bored Ape, is a non-fungible token (NFT) collection built on the Ethereum blockchain with the ERC-721 standard. The collection features profile pictures of cartoon apes that are procedurally generated by an algorithm. The parent company of Bored Ape Yacht Club is Yuga Labs.","The Bored Ape Yacht Club, colloquially referred to as Bored Apes or Bored Ape, is a paradigmatic exemplar of the burgeoning art movement situated at the intersection of digital art and blockchain technology. Emerging in the nascent era of non-fungible tokens (NFTs), this movement is characterized by its innovative use of the Ethereum blockchain and the ERC-721 standard. The parent company, Yuga Labs, has been instrumental in shaping the trajectory of this movement, which has been marked by its distinctive ethos of democratization and decentralization. Historically, the Bored Ape Yacht Club has its origins in the confluence of digital art, cryptocurrency, and social media, which has enabled the creation of a unique and dynamic art form that is both ephemeral and permanent.

At its core, the Bored Ape Yacht Club is an NFT collection that features procedurally generated profile pictures of cartoon apes, created using an algorithm. This core technique has enabled the production of a vast array of unique digital artifacts, each with its own distinct characteristics and attributes. The aesthetics of the Bored Ape Yacht Club are marked by their use of vibrant colors, bold lines, and a distinctive visual style that is both playful and irreverent. Key figures such as Yuga Labs have played a crucial role in shaping the artistic and technical direction of the movement, which has been characterized by its emphasis on community engagement, collaboration, and innovation. The use of blockchain technology has also enabled the creation of a new economic model for art, one that is based on scarcity, ownership, and provenance.

The lasting impact of the Bored Ape Yacht Club has been significant, with its influence extending beyond the art world to the realms of popular culture, technology, and finance. The movement has also spawned a genealogical legacy, with numerous other NFT collections and art projects drawing inspiration from its innovative use of blockchain technology and digital art. The Bored Ape Yacht Club has also raised important questions about the nature of art, ownership, and value in the digital age, and has challenged traditional notions of creativity, authorship, and artistic expression. As a result, the Bored Ape Yacht Club has become a seminal moment in the history of digital art, one that will continue to shape the trajectory of art and culture in the years to come."
"Box Hill artists' camp","","Australia","The Box Hill; Box Hill; Heidelberg School; Tom Roberts; Arthur Streeton","","","","Q4951547","artists' camp in Box Hill, Victoria, Australia","The Box Hill artists' camp was a site in Box Hill, Victoria, Australia favoured by a group of plein air painters in the mid to late 1880s who later became associated with the Heidelberg School art movement, named after Heidelberg, the site of another of their camps. The Box Hill area was then on the outskirts of Melbourne and largely undeveloped, allowing artists convenient access to the Australian bush, as the Box Hill railway station had been completed only a few years prior. Tom Roberts, Frederick McCubbin and Arthur Streeton were among those who often stayed at the camp.","The Box Hill artists' camp, situated in the Victorian landscape of Australia, marked a pivotal moment in the country's artistic trajectory. Emerging in the mid to late 1880s, this collective of plein air painters would eventually coalesce into the Heidelberg School, a movement that would redefine the nation's visual identity. The camp's establishment was facilitated by the recent completion of the Box Hill railway station, which provided convenient access to the Australian bush for a coterie of innovative artists. As a consequence, the Box Hill artists' camp became a crucible for creative experimentation, fostering an ethos of collaboration and innovation that would come to characterize the Heidelberg School.

At the heart of the Box Hill artists' camp were a group of visionaries who would shape the aesthetic contours of Australian art. Tom Roberts, Arthur Streeton, and Frederick McCubbin were among the key figures who regularly frequented the camp, immersing themselves in the unique light and landscapes of the Australian bush. Their plein air technique, which emphasized the direct observation of nature, yielded a distinctive aesthetic that was at once rooted in the local environment and infused with the influences of European modernism. The resulting artworks, often imbued with a sense of spontaneity and immediacy, captured the harsh beauty and sublime vastness of the Australian landscape. Through their innovative use of light and color, these artists distilled the essence of the Australian experience, creating a visual language that was both universally relatable and uniquely grounded in the local context.

The Box Hill artists' camp, and the Heidelberg School that emerged from it, has had a lasting impact on the development of Australian art. The movement's emphasis on capturing the unique characteristics of the Australian landscape has inspired generations of artists, from the modernists of the early 20th century to the contemporary practitioners of today. Moreover, the collaborative ethos and innovative spirit of the Box Hill artists' camp have left an indelible mark on the nation's cultural heritage, fostering a genealogical legacy that continues to shape the country's artistic identity. As a testament to the enduring power of this artistic collective, the Box Hill artists' camp remains an essential chapter in the narrative of Australian art, a poignant reminder of the transformative potential of creative collaboration and innovation."
"Brandalism","2012","United Kingdom","United Kingdom","","","","Q19604730","UK artist collective","Brandalism (a portmanteau of 'brand' and 'vandalism') is an activist artist collective founded in 2012 in the United Kingdom which engages in subvertising, culture jamming, and protest art. Brandalism uses subvertising to alter and critique corporate advertising by creating parodies or spoofs to replace ads in public areas. The art is typically intended to draw attention to political and social issues such as consumerism and the environment.","Brandalism emerged in 2012 as a UK-based artist collective that sought to challenge the dominant narratives of corporate advertising and consumer culture. This avant-garde movement was characterized by its ethos of subversion and critique, employing the very tactics of advertising against itself to draw attention to pressing social and environmental issues. By co-opting the language and aesthetic of commercial advertising, Brandalism's practitioners aimed to expose the underlying power dynamics and cultural values that underpin modern capitalist societies. Historically, the movement can be situated within a broader trajectory of activist art and culture jamming, which has its roots in the Situationist International movement of the 1950s and 1960s. However, Brandalism's distinctive approach and DIY ethos mark it as a uniquely contemporary phenomenon, one that reflects the anxieties and concerns of a post-crash, austerity-era Britain.

At its core, Brandalism's technique involves the practice of subvertising, whereby corporate advertisements are altered or replaced with parody or spoof versions that subvert their original message. This can involve everything from satirical reworkings of familiar brand logos and slogans to more overtly politicized interventions, such as the installation of fake advertisements that highlight the environmental or social impact of consumerist practices. Aesthetically, Brandalism's output is characterized by a playful, punk-inflected sensibility, one that combines elements of graffiti, stencil art, and Situationist-inspired détournement. While the collective's membership remains anonymous, its key figures are united by a shared commitment to using art as a tool for social critique and activism. Through their work, Brandalism's practitioners seek to challenge the dominance of corporate interests and to reclaim public space for more radical and democratic forms of expression.

The impact of Brandalism has been significant, both in terms of its immediate effects on public discourse and its longer-term influence on the development of activist art and culture. By using subvertising and other forms of culture jamming to highlight issues such as climate change, consumerism, and social injustice, Brandalism has helped to create a new kind of public conversation, one that is more critical and more nuanced in its understanding of the relationships between commerce, culture, and politics. As a genealogical legacy, Brandalism's influence can be seen in a wide range of subsequent art and activist movements, from the anti-austerity protests of the 2010s to the more recent emergence of extinction rebellion and other environmental activist groups. Through its innovative use of art and activism, Brandalism has helped to create a new kind of cultural politics, one that is more adept at challenging the dominant narratives of our time and imagining alternative futures."
"Brazilian academic art","","Brazil","Royal School; French Artistic Mission; Imperial Academy; Fine Arts; Dom Pedro; National School; Federal University","","academic art","academic art","Q189772","art movement in Brazil","Brazilian academic art was the institutionalized expression of the entire art system that prevailed in Brazil from the early 19th century until the early 20th century, based on the principles of European art academies. It originated with the Royal School of Sciences, Arts and Crafts founded by John VI in 1816, encouraged by the French Artistic Mission, flourished under the Imperial Academy of Fine Arts and the patronage of Dom Pedro II, and concluded with the incorporation of its republican successor, the National School of Fine Arts, into the Federal University of Rio de Janeiro in 1931. Academicism, in its strictest sense, refers to a structured artistic training program at the post-secondary level, comparable to contemporary university education.","The Brazilian academic art movement, which thrived from the early 19th century to the early 20th century, was a pivotal force in shaping the region's artistic landscape. This movement, rooted in the principles of European art academies, sought to institutionalize artistic expression in Brazil, yielding a distinct and enduring legacy. The genesis of this movement can be traced back to the Royal School of Sciences, Arts and Crafts, established by John VI in 1816, which laid the groundwork for the subsequent development of academic art in Brazil. The arrival of the French Artistic Mission further galvanized this trend, as it introduced Brazilian artists to the tenets of European academicism, thereby forging a unique cultural synthesis.

At its core, Brazilian academic art was characterized by a rigorous adherence to the principles of realism, classicism, and historicism. Artists such as those associated with the Imperial Academy of Fine Arts, which was founded under the patronage of Dom Pedro II, sought to master the techniques of European academic art, including drawing, painting, and sculpture. The National School of Fine Arts, which emerged as the republican successor to the Imperial Academy, continued to promote these aesthetic ideals, emphasizing the importance of technical skill, anatomical accuracy, and harmonious composition. Key figures, including the faculty and students of the Imperial Academy and the National School, played a crucial role in shaping the movement, as they not only created works of art that embodied these principles but also transmitted them to successive generations of artists. The Federal University of Rio de Janeiro's incorporation of the National School in 1931 marked a significant turning point, as it ensured the continued transmission of academic artistic values within a modern university setting.

The legacy of Brazilian academic art extends far beyond its historical epoch, as it has had a lasting impact on the country's artistic trajectory. The movement's emphasis on technical skill, artistic discipline, and aesthetic refinement has influenced generations of Brazilian artists, from the modernists of the early 20th century to contemporary practitioners. Moreover, the incorporation of European academic ideals into a Brazilian context has yielded a unique cultural hybridity, one that reflects the complex history of cultural exchange and syncretism that has characterized the region. As such, Brazilian academic art occupies a pivotal position within the broader narrative of Brazilian cultural development, serving as a testament to the country's ongoing engagement with international artistic trends and its capacity to forge a distinctive artistic identity. The genealogical legacy of this movement can be seen in the many artists, art schools, and cultural institutions that continue to thrive in Brazil, ensuring that the principles and aesthetic values of academic art remain a vital part of the country's artistic heritage."
"Breitkopf Fraktur","1750","","Breitkopf Fraktur; Johann Gottlob Immanuel; Bernhard Christoph Breitkopf","","","","Q906643","blackletter typeface","Breitkopf Fraktur is a Blackletter font designed by typographer and German music publisher Johann Gottlob Immanuel Breitkopf (1719–1794).   Breitkopf was the son of the publisher Bernhard Christoph Breitkopf, founder of the publishing house Breitkopf & Härtel, a firm that continues to the present day. Breitkopf supervised the creation of the typeface, produced in his office as early as 1750.","The Breitkopf Fraktur, a seminal blackletter typeface, emerged during the mid-18th century, specifically in the year 1750. This distinctive font, characterized by its ornate and intricate design, was the brainchild of Johann Gottlob Immanuel Breitkopf, a renowned typographer and German music publisher. As the son of Bernhard Christoph Breitkopf, the founder of the prestigious publishing house Breitkopf & Härtel, Johann Gottlob Immanuel Breitkopf was steeped in a rich tradition of innovation and excellence. The Breitkopf Fraktur, supervised by Breitkopf himself, was a testament to the family's commitment to pushing the boundaries of typography and communication. With its origins rooted in the cultural and intellectual hubs of 18th-century Europe, the Breitkopf Fraktur has become an integral part of the region's historical narrative, reflecting the artistic and literary values of its time.

At its core, the Breitkopf Fraktur is a masterclass in traditional blackletter typography, with its bold lines, flowing curves, and ornate flourishes. The typeface, produced in Breitkopf's office, was a labor of love, requiring great skill and attention to detail. Johann Gottlob Immanuel Breitkopf's expertise as a typographer and music publisher is evident in the font's design, which showcases a deep understanding of the nuances of language and communication. The Breitkopf Fraktur's aesthetic is characterized by its striking contrast between light and dark, creating a sense of depth and visual interest. As a key figure in the development of this typeface, Breitkopf's contribution to the world of typography cannot be overstated. His dedication to the craft has left a lasting legacy, inspiring generations of typographers and designers to push the boundaries of their art.

The Breitkopf Fraktur's impact on the world of typography and design has been profound and far-reaching. As a testament to the enduring power of traditional craftsmanship, this blackletter typeface continues to influence contemporary design, with its unique aesthetic and historic significance. The publishing house Breitkopf & Härtel, founded by Bernhard Christoph Breitkopf, remains a vital part of the cultural landscape, a testament to the family's commitment to excellence and innovation. The Breitkopf Fraktur, as a typeface, has become an iconic representation of the region's rich cultural heritage, with its legacy extending beyond the realm of typography to the broader world of art and literature. As a genealogical legacy, the Breitkopf Fraktur serves as a reminder of the importance of preserving traditional craftsmanship and the value of innovation in the pursuit of artistic expression. The typeface's historical significance, coupled with its enduring influence, solidifies its position as a cornerstone of typographic history, ensuring its relevance for generations to come."
"British Constructivists","","","The British Constructivists; Constructionist Group; Alastair Grieve; Constructed Abstract Art; Alan Fowler; Constructivist Art","","","","Q125498620","organisation of fine artists (1951 to 1969)","The British Constructivists, also called the Constructionist Group, or Constructionists, were an informally constituted group of British artists, working in a constructivist mode, with no formal membership or manifesto. The groups most active period was between 1951 and 1955, when its members exhibited in ten London exhibitions, produced two broadsheets and were involved in the publication of two books on abstract art. Alastair Grieve's book Constructed Abstract Art in England: a neglected avant-garde  is the first to examine the work of this group in detail, followed by Alan Fowler's PhD thesis Constructivist Art in Britain 1913 – 2005.","The British Constructivists, an informal collective of fine artists, emerged in the early 1950s, marking a pivotal moment in the evolution of modern British art. Between 1951 and 1969, this group of visionary artists sought to redefine the boundaries of abstract art, fostering a distinct constructivist ethos that would come to characterize their innovative approach. The constructivist movement, which originated in Russia in the early 20th century, emphasized the use of industrial materials and techniques to create non-representational, geometric forms. The British Constructivists, while drawing upon this legacy, adapted and refined these principles to create a unique brand of constructed abstract art that was quintessentially British. This essay will delve into the historical context, core techniques, and lasting impact of the British Constructivists, shedding light on the significance of this often-overlooked yet influential art movement.

At the heart of the British Constructivists' practice lay a commitment to experimentation and innovation, driven by a passion for exploring the possibilities of constructed abstract art. Key figures such as Alastair Grieve and Alan Fowler played a crucial role in shaping the group's aesthetic and theoretical underpinnings. Grieve's seminal book, Constructed Abstract Art in England: a neglected avant-garde, provided a foundational text for the movement, while Fowler's PhD thesis, Constructivist Art in Britain 1913 – 2005, offered a comprehensive historical contextualization of the group's work. The British Constructivists' core techniques involved the use of industrial materials, such as metal and wood, to create intricate, geometric forms that often incorporated elements of chance and unpredictability. This emphasis on process and materiality gave rise to a distinctive aesthetic, characterized by a fusion of precision and spontaneity. Through their work, the British Constructivists sought to push the boundaries of abstract art, exploring new ways of engaging with space, form, and materiality.

The lasting impact of the British Constructivists can be seen in the numerous artists and art movements that have drawn upon their innovative approach. The group's emphasis on experimentation, materiality, and process has influenced generations of artists, from the abstract expressionists of the 1960s to the contemporary artists working with installation and conceptual art today. Moreover, the British Constructivists' commitment to exploring the possibilities of constructed abstract art has had a profound impact on our understanding of the relationship between art, architecture, and design. As a testament to the group's enduring legacy, Alastair Grieve's and Alan Fowler's scholarly work has ensured that the British Constructivists' contributions to the development of modern art are now recognized and celebrated. The British Constructivists' genealogical legacy can be seen in the many artists and art movements that have followed in their footsteps, pushing the boundaries of abstract art and redefining the possibilities of creative expression."
"British high-tech architecture","","","","","","","Q107185821","form of high-tech architecture","British high-tech architecture is a form of high-tech architecture, also known as structural expressionism, a type of late modern architectural style that emerged in the 1970s, incorporating elements of high tech industry and technology into building design. High-tech architecture grew from the modernist style, using new advances in technology and building materials.","British high-tech architecture, a paradigmatic expression of late modern architectural style, emerged in the 1970s as a response to the evolving technological landscape. This distinctive form of high-tech architecture, also referred to as structural expressionism, drew upon the principles of modernism while seamlessly integrating cutting-edge technological innovations and materials into building design. The historical origin of British high-tech architecture is rooted in the post-war period, when architects began to explore novel ways to harness the potential of industrial materials and technological advancements to create futuristic and functional buildings. As a consequence, this architectural movement not only reflected the cultural and economic transformations of the time but also paved the way for a new era of architectural experimentation.

At the core of British high-tech architecture lies a fascination with the visible expression of structural systems, materials, and services. Architects such as Norman Foster, Richard Rogers, and Nicholas Grimshaw pioneered this movement, exploiting the aesthetic and functional potential of high-tech materials like steel, glass, and aluminum. Their designs often featured exposed ductwork, elevators, and stairwells, which became integral components of the building's visual identity. The resultant aesthetic was characterized by a sense of lightness, transparency, and dynamism, as if the buildings themselves were machines or organisms. The Pompidou Center in Paris, designed by Rogers and Renzo Piano, is a quintessential example of this style, with its colorful, tubular infrastructure and emphasis on flexibility and adaptability. British high-tech architecture's core techniques and aesthetics thus embodied a unique blend of functionalism, expressionism, and technological wizardry.

The lasting impact of British high-tech architecture on the built environment and the discipline of architecture itself is undeniable. This movement's emphasis on innovation, sustainability, and structural honesty has influenced generations of architects, from the deconstructivists to the present day. The genealogical legacy of British high-tech architecture can be seen in the works of contemporary architects such as Zaha Hadid, Santiago Calatrava, and Frank Gehry, who continue to push the boundaries of what is possible with advanced materials and technologies. As a cultural and historical phenomenon, British high-tech architecture serves as a testament to the power of human ingenuity and the enduring capacity of architecture to reflect and shape our understanding of the world. Its influence extends beyond the realm of architecture, speaking to broader societal concerns about technology, environment, and the human condition, and ensuring its relevance as a subject of ongoing scholarly inquiry and debate."
"Brushmen of the Bush","","Australia","Broken Hill; New South Wales; Pro Hart; Eric Minchin; Jack Absalom; John Pickup; Hugh Schulz","","","","Q3646009","","Brushmen of the Bush was a painting group of five artists who collaborated in Broken Hill, New South Wales in 1973.  It was active until 1989.  The five members of the group were Pro Hart, Eric Minchin, Jack Absalom, John Pickup and Hugh Schulz.","The Brushmen of the Bush, an artistic collective that emerged in Broken Hill, New South Wales, Australia in 1973, has left an indelible mark on the nation's cultural landscape. This group of five visionary artists, Pro Hart, Eric Minchin, Jack Absalom, John Pickup, and Hugh Schulz, came together to form a distinctive and innovative movement that would thrive until 1989. The Brushmen of the Bush were characterized by their unique blending of traditional and modern techniques, which enabled them to capture the essence of the Australian outback with unbridled passion and authenticity. As a testament to the power of collaborative creativity, the group's historical origin is a fascinating example of how regional artistic expression can transcend geographical boundaries and resonate with a broader audience.

At the heart of the Brushmen of the Bush movement lies a distinctive aesthetic that combines earthy tones, expressive brushstrokes, and a deep sense of connection to the land. The group's core techniques were rooted in a mix of representational and impressionist styles, which allowed them to convey the harsh beauty and majesty of the Australian landscape. Pro Hart, with his bold and vibrant compositions, was a key figure in shaping the group's visual identity, while Eric Minchin's more subdued and contemplative approach provided a subtle counterpoint. Jack Absalom's expertise in capturing the play of light on the desert terrain, John Pickup's masterful rendering of rock formations, and Hugh Schulz's evocative portrayals of the bush's flora and fauna all contributed to the group's rich and diverse artistic tapestry. Through their collective efforts, the Brushmen of the Bush were able to distill the essence of the Australian experience, creating a body of work that is both deeply personal and universally relatable.

The Brushmen of the Bush have left a lasting impact on the Australian art world, their legacy continuing to inspire and influence new generations of artists. The group's emphasis on regionalism and their dedication to capturing the unique spirit of the outback have paved the way for a wide range of artistic expressions, from landscape painting to environmental activism. As a testament to their enduring influence, the Brushmen of the Bush have been recognized and celebrated through numerous exhibitions, publications, and documentaries, cementing their place in the annals of Australian art history. Today, their work remains a powerful reminder of the importance of artistic collaboration, regional identity, and the enduring power of the natural world to inspire and transform us. As a genealogical legacy, the Brushmen of the Bush continue to nurture a deep sense of connection to the land, fostering a rich and vibrant cultural heritage that will continue to flourish for generations to come."
"Budapest school","","","The Budapest","","","","Q4984070","film movement","The Budapest school, or documentarism, was a Hungarian film movement that flourished from roughly 1972 to 1984. The movement originated from Béla Balázs Studios, a small-budget filmmaking community that aimed to unite the young avant-garde and underground filmmakers of Hungary and give them an opportunity to make experimental works without state censorship.  The Balázs studio gave birth to two main movements in the early 1970s: an experimental, avant-garde group (led by individuals like Gábor Bódy), and the documentarist group, whose main goal was the portrayal of absolute social-reality on screen.","The Budapest school, a paradigmatic film movement, emerged in the early 1970s as a revolutionary force in Hungarian cinema. Originating from the Béla Balázs Studios, a crucible for avant-garde and underground filmmakers, this movement sought to challenge the established norms of state-controlled cinema. The ethos of the Budapest school was rooted in the pursuit of creative freedom, unencumbered by the censorship that had long stifled artistic expression in Hungary. This historical context is essential to understanding the movement's significance, as it marked a pivotal moment in the country's cultural landscape. The Budapest school's emergence in the 1970s can be seen as a response to the socio-political climate of the time, characterized by a growing desire for autonomy and self-expression.

At its core, the Budapest school was characterized by a commitment to documentarism, a cinematic approach that prioritized the portrayal of absolute social reality on screen. Key figures such as Gábor Bódy, a pioneering filmmaker, played a crucial role in shaping the movement's aesthetic and technical contours. The experimental, avant-garde group, led by Bódy, pushed the boundaries of cinematic storytelling, often incorporating innovative techniques and unconventional narrative structures. In contrast, the documentarist group, which included filmmakers like András Jeles and István Dárday, focused on capturing the unvarnished realities of everyday life in Hungary, often using handheld camera work, location shooting, and non-professional actors. This dichotomy between experimentalism and documentarism gave the Budapest school its distinctive flavor, as filmmakers continually negotiated the tension between artistic expression and social commentary.

The Budapest school's lasting impact on Hungarian cinema, and indeed world cinema, cannot be overstated. As a movement, it left an indelible mark on the development of independent filmmaking, influencing generations of directors and producers. The genealogical legacy of the Budapest school can be seen in the work of contemporary filmmakers, who continue to draw upon the movement's innovative spirit and commitment to social realism. Furthermore, the movement's emphasis on creative freedom and autonomy has inspired countless film initiatives and communities around the world, ensuring that the Budapest school's ethos remains a powerful force in the world of cinema. As a testament to its enduring influence, the Budapest school remains a vital part of film history, a reminder of the transformative power of cinematic innovation and artistic expression."
"Buddhist architecture","","","","","Buddhist art; sacred architecture","","Q2047562","style of building","Buddhist architecture is the architectural style that adheres to the philosophy and religious practices of Buddhism. The origins of Buddhism date back to the 5th century BCE in the Indian subcontinent. Buddhist architectural forms were developed to serve monastic, ritual, and commemorative functions.","The realm of Buddhist architecture is a testament to the enduring legacy of a philosophy that has captivated the minds and spirits of people across the globe for millennia. Emerging in the 5th century BCE in the Indian subcontinent, this architectural style has been shaped by the principles of Buddhism, reflecting the religion's emphasis on harmony, balance, and the pursuit of enlightenment. As an ethos, Buddhist architecture embodies the values of simplicity, humility, and mindfulness, striving to create an environment that fosters spiritual growth and introspection. Historically, the development of Buddhist architecture has been marked by a rich exchange of ideas and cultural influences, resulting in a diverse array of architectural forms that have evolved over time.

At its core, Buddhist architecture is characterized by a distinctive style of building that blends functionality with aesthetic appeal. The use of natural materials, such as wood and stone, is prevalent, while the incorporation of symbolic motifs, like the lotus flower and the wheel of dharma, serves to reinforce the spiritual significance of these structures. While key figures in the development of Buddhist architecture are not readily identifiable, the cumulative efforts of countless monks, artisans, and architects have contributed to the evolution of this unique style. The construction of stupas, temples, and monasteries has been guided by a deep understanding of the relationship between form and function, resulting in buildings that are at once beautiful, functional, and redolent with spiritual meaning. The aesthetics of Buddhist architecture are marked by a sense of restraint and simplicity, eschewing grandeur and opulence in favor of a more subdued, contemplative atmosphere.

The lasting impact of Buddhist architecture is a testament to the enduring power of this philosophy to inspire and transform human experience. As a genealogical legacy, Buddhist architecture has influenced the development of architectural styles across Asia, from the majestic temples of Angkor Wat to the humble monasteries of the Tibetan plateau. The diffusion of Buddhist ideas and values has resulted in a rich cultural heritage that continues to inspire artists, architects, and spiritual seekers to this day. As a living tradition, Buddhist architecture remains a vibrant and evolving entity, with new buildings and structures being constructed that reflect the changing needs and values of contemporary Buddhist communities. Through its emphasis on harmony, balance, and mindfulness, Buddhist architecture offers a powerful reminder of the importance of living in reciprocity with the natural world and cultivating a deeper sense of compassion and understanding for all living beings."
"Buddhist art","","","Gautama Buddha; Siddhartha Gautama; As Buddhism","","culture of Buddhism; religious art","","Q1001041","artistic practices that are influenced by Buddhism","Buddhist art is visual art produced in the context of Buddhism. It includes depictions of Gautama Buddha and other Buddhas and bodhisattvas, notable Buddhist figures both historical and mythical, narrative scenes from their lives, mandalas, and physical objects associated with Buddhist practice, such as vajras, bells, stupas and Buddhist temple architecture. Buddhist art originated in the north of the Indian subcontinent, in modern India, Pakistan and Afghanistan, with the earliest survivals dating from a few centuries after the historical life of Siddhartha Gautama from the 6th to 5th century BCE. As Buddhism spread and evolved in each new host country, Buddhist art followed in its footsteps.","Buddhist art, a rich and diverse visual tradition, has been a cornerstone of Eastern aesthetics for centuries. Originating in the northern Indian subcontinent, specifically in modern-day India, Pakistan, and Afghanistan, this art movement has its roots in the life and teachings of Siddhartha Gautama, also known as Gautama Buddha, who lived from the 6th to 5th century BCE. As a philosophical and spiritual practice, Buddhism has profoundly influenced the development of art in various regions, giving rise to a unique blend of iconography, symbolism, and narrative storytelling. The historical context of Buddhist art is deeply intertwined with the life of its founder, as the earliest survivals of Buddhist art date back to a few centuries after the Buddha's passing. This era marked the beginning of a profound artistic journey, one that would spread across continents and evolve into a distinct visual language.

At its core, Buddhist art is characterized by a range of techniques and aesthetics that reflect the principles of Buddhism. The depiction of Gautama Buddha and other notable Buddhist figures, both historical and mythical, is a central theme in Buddhist art. Mandalas, intricate geometric patterns that represent the universe and the interconnectedness of all things, are another hallmark of this art movement. The use of vajras, bells, stupas, and Buddhist temple architecture further underscores the spiritual and philosophical underpinnings of Buddhist art. Key figures, such as Siddhartha Gautama, have played a significant role in shaping the iconography and narrative of Buddhist art, which has been adapted and transformed as Buddhism spread to new regions. The artistic practices that have emerged in the context of Buddhism are a testament to the dynamic and evolving nature of this spiritual tradition.

The lasting impact of Buddhist art on the development of visual culture in the East and beyond cannot be overstated. As Buddhism spread to new regions, its art followed, influencing local traditions and giving rise to new forms of expression. The genealogical legacy of Buddhist art can be seen in the numerous temples, sculptures, and paintings that dot the landscape of Asia, from the ancient caves of India to the majestic temples of Southeast Asia. This art movement has not only reflected the spiritual and philosophical principles of Buddhism but has also played a significant role in shaping the cultural and artistic identity of the regions it has touched. Today, Buddhist art continues to inspire and influence artists, designers, and spiritual practitioners around the world, offering a glimpse into a profound and enduring aesthetic tradition that transcends time and geography."
"Buddhist influences on print technology","","","East Asia","","","","Q4984274","","Buddhist influences on print technology in East Asia are far-reaching. The history of writing in Asia dates back to the 13th century BC. China used bones and shells for religious inscriptions in the form of divinations. From these beginnings, numerous forms of writing and printing were developed.","The confluence of Buddhist philosophy and print technology in East Asia has yielded a fascinating narrative, replete with innovations that have indelibly marked the region's cultural heritage. The era in question, spanning centuries, has witnessed the evolution of printing from rudimentary techniques to sophisticated methods, facilitated by the intersection of Buddhist thought and technological advancements. Historically, the genesis of writing in Asia can be traced back to the 13th century BC, with China employing bones and shells for religious inscriptions in the form of divinations. This nascent period laid the groundwork for the development of various forms of writing and printing, eventually giving rise to a distinctive art movement that would come to define the aesthetic and philosophical contours of East Asian culture.

At the core of this movement lies a complex interplay of techniques, aesthetics, and key figures, all of which have contributed to the rich tapestry of Buddhist-influenced print technology. The introduction of woodblock printing in China during the Tang Dynasty (618-907 CE) marked a significant milestone, enabling the mass production of Buddhist scriptures and icons. This, in turn, facilitated the dissemination of Buddhist teachings throughout East Asia, with key figures such as the Chinese monk Baizhang Huaihai playing a crucial role in the development and refinement of printing techniques. The resultant prints, characterized by their bold lines, elegant calligraphy, and stylized motifs, not only reflected the aesthetic sensibilities of the time but also embodied the philosophical principles of Buddhism, particularly the concept of impermanence and the interconnectedness of all phenomena. The work of East Asian artists, such as the Japanese master Hokusai, further exemplifies the enduring influence of Buddhist thought on print technology, as their innovative use of color and composition gave rise to a distinctive visual language that continues to inspire artists and designers today.

The lasting impact of Buddhist influences on print technology in East Asia is a testament to the movement's enduring legacy, with its genealogical roots stretching across centuries and continents. The innovative techniques and aesthetic principles developed during this period have had a profound influence on the evolution of printmaking, informing the work of artists, designers, and craftsmen across the globe. As a cultural and historical phenomenon, the intersection of Buddhist philosophy and print technology in East Asia has yielded a unique and captivating narrative, one that continues to inspire scholarly inquiry and artistic innovation. As we reflect on the significance of this movement, we are reminded of the power of cultural exchange and the enduring importance of preserving our collective cultural heritage, ensuring that the artistic and philosophical achievements of the past continue to inform and inspire future generations. The legacy of Buddhist influences on print technology serves as a poignant reminder of the transformative potential of art and technology, as well as the boundless possibilities that emerge when disparate disciplines converge."
